/*
SQLyog Ultimate v13.1.1 (64 bit)
MySQL - 5.7.31-log : Database - common-base
*********************************************************************
*/

/*!40101 SET NAMES utf8 */;

/*!40101 SET SQL_MODE=''*/;

/*!40014 SET @OLD_UNIQUE_CHECKS=@@UNIQUE_CHECKS, UNIQUE_CHECKS=0 */;
/*!40014 SET @OLD_FOREIGN_KEY_CHECKS=@@FOREIGN_KEY_CHECKS, FOREIGN_KEY_CHECKS=0 */;
/*!40101 SET @OLD_SQL_MODE=@@SQL_MODE, SQL_MODE='NO_AUTO_VALUE_ON_ZERO' */;
/*!40111 SET @OLD_SQL_NOTES=@@SQL_NOTES, SQL_NOTES=0 */;
CREATE DATABASE /*!32312 IF NOT EXISTS*/`common-base` /*!40100 DEFAULT CHARACTER SET utf8 */;

USE `common-base`;

/*Table structure for table `sms_config` */

DROP TABLE IF EXISTS `sms_config`;

CREATE TABLE `sms_config` (
  `id` int(11) NOT NULL AUTO_INCREMENT COMMENT '主键',
  `sms_prex` varchar(20) DEFAULT NULL COMMENT '短信前缀',
  `url` varchar(255) DEFAULT NULL,
  `user_code` varchar(50) DEFAULT NULL COMMENT '用户名',
  `user_pwd` varchar(50) DEFAULT NULL COMMENT '密码',
  `type` varchar(2) DEFAULT NULL COMMENT '类型：(1-验证码类短信 2-营销类短信 3:通知类短信)',
  `filter` varchar(100) DEFAULT '' COMMENT '过滤关键字，以英文逗号分隔',
  `commpany` varchar(10) DEFAULT NULL COMMENT '鼎汉',
  `black_phone` varchar(500) DEFAULT '' COMMENT '黑名单手机号码,以逗号分隔',
  `status` smallint(6) NOT NULL COMMENT '状态',
  PRIMARY KEY (`id`)
) ENGINE=InnoDB AUTO_INCREMENT=8 DEFAULT CHARSET=utf8 COMMENT='鼎汉配置表';

/*Data for the table `sms_config` */

insert  into `sms_config`(`id`,`sms_prex`,`url`,`user_code`,`user_pwd`,`type`,`filter`,`commpany`,`black_phone`,`status`) values 
(1,'粤商财富','http://120.76.79.226:9080','jianyidai001','jianyidai16888','1','抵押,质押','鼎汉','18814145843',0),
(2,'粤商财富','http://112.74.179.106:8080','jianyidai002','jianyidai16888','2','抵押,质押','鼎汉','',0),
(6,'粤商财富','http://120.76.79.226:9080','jianyidai003','jianyidai16888','3','抵押,质押','鼎汉','',0),
(7,'粤商财富','http://120.76.79.226:9080','jianyidai003','jianyidai16888','4','抵押,质押','鼎汉','',0);

/*Table structure for table `sys_pages` */

DROP TABLE IF EXISTS `sys_pages`;

CREATE TABLE `sys_pages` (
  `id` int(10) unsigned NOT NULL AUTO_INCREMENT COMMENT '流水号',
  `page_name` varchar(50) DEFAULT '' COMMENT '此页面名称',
  `match_url_suffix` varchar(158) DEFAULT '' COMMENT '此页面的URL后缀',
  `status` tinyint(4) DEFAULT '1' COMMENT '状态 1：有效 2：无效',
  `updatime` datetime DEFAULT NULL,
  KEY `id` (`id`)
) ENGINE=InnoDB DEFAULT CHARSET=utf8;

/*Data for the table `sys_pages` */

/*Table structure for table `sys_pages_service_right` */

DROP TABLE IF EXISTS `sys_pages_service_right`;

CREATE TABLE `sys_pages_service_right` (
  `id` int(10) unsigned NOT NULL AUTO_INCREMENT COMMENT '流水号',
  `service_right_code` int(11) DEFAULT '0' COMMENT '权限点code，对应sys_service_right的right_code',
  `service_right_name` varchar(30) DEFAULT '' COMMENT '权限点名称',
  `page_id` int(11) DEFAULT '0' COMMENT '所属的页面id，对应sys_pages的id',
  `updatime` datetime NOT NULL,
  KEY `id` (`id`)
) ENGINE=InnoDB DEFAULT CHARSET=utf8 COMMENT='页面权限点（一个页面对应多个业务权限点）';

/*Data for the table `sys_pages_service_right` */

/*Table structure for table `sys_pages_service_right_user` */

DROP TABLE IF EXISTS `sys_pages_service_right_user`;

CREATE TABLE `sys_pages_service_right_user` (
  `id` int(10) unsigned NOT NULL AUTO_INCREMENT COMMENT '流水号',
  `page_service_right_id` int(11) DEFAULT '0' COMMENT '页面权限点id，对应sys_pages_service_right的id',
  `sys_user_id` int(11) DEFAULT '0' COMMENT '系统用户id，对应sys_user表id',
  `updatime` datetime NOT NULL,
  KEY `id` (`id`)
) ENGINE=InnoDB DEFAULT CHARSET=utf8;

/*Data for the table `sys_pages_service_right_user` */

/*Table structure for table `sys_right` */

DROP TABLE IF EXISTS `sys_right`;

CREATE TABLE `sys_right` (
  `sys_right_code` varchar(60) NOT NULL DEFAULT '' COMMENT '权限编码',
  `sys_right_name` varchar(90) DEFAULT '' COMMENT '权限名称',
  `sys_right_url` varchar(240) DEFAULT '' COMMENT 'URL',
  `icon` varchar(120) DEFAULT '' COMMENT 'icon',
  `enable` int(11) DEFAULT '1' COMMENT '是否有效 0：无效  1：有效',
  `order_code` int(11) DEFAULT '0' COMMENT '排序码',
  `update_time` datetime DEFAULT NULL COMMENT '更新时间',
  `updator` varchar(90) DEFAULT '' COMMENT '更新人',
  PRIMARY KEY (`sys_right_code`)
) ENGINE=InnoDB DEFAULT CHARSET=utf8;

/*Data for the table `sys_right` */

insert  into `sys_right`(`sys_right_code`,`sys_right_name`,`sys_right_url`,`icon`,`enable`,`order_code`,`update_time`,`updator`) values 
('10000','系统管理','','1',1,10000,'2021-04-14 15:35:26','管理员'),
('10001','功能菜单','sys/sys_SysRight_ListData.action','3',1,10001,'2017-10-11 10:42:48','管理员'),
('10002','系统用户','jsp/sys/sys/usersmanage.jsp','2',1,10002,'2017-11-13 12:53:15',NULL),
('10003','角色管理','sys/sys_SysRole_ListData.action','3',1,10003,'2017-09-09 11:52:50','管理员'),
('10004','角色菜单','jsp/sys/sys/SysRoleUrls.jsp','0',1,10004,'2019-03-15 13:24:27',''),
('10005','权限页面设置','jsp/sys/sys/SysPagesSettings.jsp','',1,10005,NULL,''),
('10006','权限页面管理','jsp/sys/sys/SysPagesAdmin.jsp','',1,10006,NULL,''),
('10009','用户操作日志','','',0,10005,'2018-01-25 10:12:05','admin'),
('20000','发行方管理','','',1,20000,'2019-09-02 14:26:08','管理员'),
('20001','发行方列表','jsp/yscf/jissurer/issurerList.jsp','',1,20001,'2019-09-02 14:26:26','管理员'),
('30000','项目管理','','',1,30000,'2019-09-03 10:34:59','管理员'),
('30001','产品类别列表','jsp/yscf/jprojects/ProduceTypeList.jsp','',1,30001,'2019-09-11 15:29:59','吕传真'),
('30002','新增项目','jsp/yscf/jprojects/AddProject.jsp','',1,30002,'2019-09-03 10:39:31','管理员'),
('30003','项目列表','jsp/yscf/jprojects/ProjectsList.jsp','',1,30003,'2019-09-04 09:03:35','吕传真'),
('30004','项目审核列表','jsp/yscf/jprojects/ProjectExamineList.jsp','',1,30004,'2019-09-05 10:13:16','吕传真'),
('30005','项目放款列表','jsp/yscf/jprojects/ProjectLoanList.jsp','',1,30005,'2019-09-05 10:46:00','吕传真'),
('30006','项目合同列表','jsp/yscf/jprojects/ProjectContractList.jsp','',1,30006,'2019-09-05 12:11:17','吕传真'),
('30007','未还款项目列表','jsp/yscf/jprojects/ProjectNoRepaymentList.jsp','',1,30007,'2019-09-05 15:38:29','吕传真'),
('30008','已还款项目列表','jsp/yscf/jprojects/ProjectRepaymentList.jsp','',1,30008,'2019-09-06 14:48:51','吕传真'),
('30019','项目募集主体','jsp/yscf/jprojects/ProjectSubjectList.jsp','',1,30019,'2019-09-24 14:55:00','管理员'),
('30020','项目签约主体','jsp/yscf/jprojects/ProjectSjt4LmtList.jsp','',1,30020,'2019-09-24 14:55:17','管理员'),
('30021','还款人列表','jsp/yscf/jusers/PayerList.jsp','',1,30021,'2019-09-17 11:39:32','管理员'),
('30022','首次挂牌资产列表','jsp/yscf/jprojects/SecondaryTransferAndList.jsp','',1,30022,'2020-01-08 14:19:46','管理员'),
('30023','挂牌标的汇款账户列表','jsp/yscf/jprojects/ListedOfProceedsAccountList.jsp','',1,30023,'2020-01-07 14:06:49','管理员'),
('30024','超级投资人列表','jsp/yscf/jprojects/SuperTenderList.jsp','',1,30024,'2020-01-08 17:33:40','管理员'),
('30025','金交所投资订单确权列表','jsp/yscf/jprojects/ProductTenderList.jsp','',1,30025,'2020-01-09 11:39:06','管理员'),
('40000','宣传管理','','',1,40000,'2019-09-03 15:58:31','管理员'),
('40001','banner管理','jsp/yscf/jpropaganda/bannerList.jsp','',1,40001,'2019-09-03 15:59:40','管理员'),
('40002','网站文案管理','jsp/yscf/jpropaganda/articleList.jsp','',1,40002,'2019-09-04 17:54:31','管理员'),
('40003','活动管理','jsp/yscf/jpropaganda/actInfoList.jsp','',1,40003,'2019-09-05 16:59:13','管理员'),
('40004','活动上传列表','jsp/yscf/jpropaganda/actZipList.jsp','',1,40004,'2019-09-09 11:39:26','管理员'),
('50000','用户管理','','',1,50000,'2019-09-06 16:22:09','吕传真'),
('50001','用户列表','jsp/yscf/jusers/UserList.jsp','',1,50001,'2019-09-06 16:25:25','吕传真'),
('50002','有效用户列表','jsp/yscf/jusers/EffectiveUserList.jsp','',1,50002,'2019-09-06 17:26:06','吕传真'),
('50003','用户充值记录','jsp/yscf/jusers/UserRechargeList.jsp','',1,50003,'2019-09-06 18:12:57','吕传真'),
('50004','用户提现记录','jsp/yscf/jusers/UserWithdrawalList.jsp','',1,50004,'2019-09-06 18:13:20','吕传真'),
('50005','用户投资记录','jsp/yscf/jusers/UserTenderList.jsp','',1,50005,'2019-09-07 11:06:46','吕传真'),
('60000','财务管理','','',1,60000,'2019-09-18 09:44:01','管理员'),
('60001','平台账户信息','sl/jfinance_JFinance_getPlatformAccountInfo.action','',1,60001,'2019-09-18 09:47:50','管理员'),
('60002','平台账户资金明细','jsp/yscf/jfinance/AccountFundsList.jsp','',1,60002,'2019-09-18 15:43:38','管理员'),
('60003','理财师收益发放','jsp/yscf/jfinance/finAdvisorEarnList.jsp','',1,60003,'2019-09-29 17:02:37','管理员'),
('60004','理财主管收益发放','jsp/yscf/jfinance/finChargeEarnList.jsp','',1,60004,'2019-09-29 17:02:51','管理员'),
('60005','理财总监收益发放','jsp/yscf/jfinance/finManagerEarnList.jsp','',1,60005,'2019-09-29 17:03:04','管理员'),
('60006','营销款派发','jsp/yscf/jfinance/Distribution.jsp','',1,60006,'2019-10-14 14:15:37','管理员'),
('60007','营销款发放列表','jsp/yscf/jfinance/MarkGrantList.jsp','',1,60007,'2019-10-14 15:00:53','管理员'),
('60008','理财部收益查看','jsp/yscf/jfinance/financeReward.jsp','',1,60008,'2019-10-30 10:01:18','管理员'),
('60009','分期收益列表','jsp/yscf/jfinance/IncomeDistributionList.jsp','',1,60009,'2019-11-12 10:47:42','管理员'),
('60010','用户操作审核列表','jsp/yscf/jfinance/UserOptionsList.jsp','',1,60010,'2019-11-12 17:34:45','管理员'),
('70000','数据统计','','',1,70000,'2019-09-09 10:39:06','吕传真'),
('70001','每日历史数据','jsp/yscf/datastatistics/DataHistorys.jsp','',1,70001,'2019-09-09 10:40:01','吕传真'),
('80000','理财师管理','','',1,80000,'2019-09-09 16:00:50','管理员'),
('80001','理财部列表','jsp/yscf/slfinance/financeDepartList.jsp','',1,80001,'2019-09-09 16:02:15','管理员'),
('80002','理财部人员管理','jsp/yscf/slfinance/financeDepartUserList.jsp','',1,80002,'2019-09-12 09:50:40','管理员'),
('80003','导入理财师','jsp/yscf/slfinance/importDepartUser.jsp','',1,80003,'2019-09-25 17:26:12','管理员'),
('90000','线下录入管理','','',1,90000,'2019-09-26 17:02:51','管理员'),
('90001','用户信息列表','jsp/yscf/jusers/offLineUserList.jsp','',1,90001,'2019-09-26 17:05:36','管理员'),
('90002','导入用户信息','jsp/yscf/jusers/importJUser.jsp','',1,90002,'2019-09-26 19:30:01','管理员'),
('90003','项目列表(线下)','jsp/yscf/jprojects/offLineProjectsList.jsp','',1,90003,'2019-10-24 14:32:30','管理员'),
('90004','新增项目(线下)','jsp/yscf/jprojects/AddOffLineProject.jsp','',1,90004,'2019-10-24 14:32:24','管理员'),
('90005','用户投资记录列表','jsp/yscf/jusers/offLineUserInvestmentRecordsList.jsp','',1,90005,'2019-10-24 14:32:11','管理员'),
('90006','导入用户投资记录','jsp/yscf/jusers/importJUserInvestmentRecords.jsp','',1,90006,'2019-10-24 14:32:04','管理员'),
('90007','用户还款计划列表','jsp/yscf/jusers/offLineUserRepaymentPlanList.jsp','',1,90007,'2019-10-24 14:31:57','管理员'),
('90008','导入用户还款计划','jsp/yscf/jusers/importUserRepaymentPlanList.jsp','',1,90008,'2019-10-24 14:31:51','管理员'),
('90009','项目还款计划列表','jsp/yscf/jprojects/offLineProjectRepaymentPlanList.jsp','',1,90009,'2019-10-24 14:31:44','管理员'),
('90010','导入项目还款计划','jsp/yscf/jprojects/importProjectRepaymentPlanList.jsp','',1,90010,'2019-10-24 14:31:37','管理员'),
('90011','金交所快速导入项目','jsp/yscf/jprojects/quickImportProject.jsp','',1,90011,'2019-11-19 10:25:44','管理员'),
('90012','乐享一号快速导入项目','jsp/yscf/jprojects/quickImportFneProject.jsp','',1,90012,'2019-11-22 09:54:15','管理员'),
('90013','父项目列表','jsp/yscf/jprojects/ParentProjectsList.jsp','',1,90013,'2019-11-22 09:54:20','管理员');

/*Table structure for table `sys_role` */

DROP TABLE IF EXISTS `sys_role`;

CREATE TABLE `sys_role` (
  `sys_role_sno` int(11) NOT NULL AUTO_INCREMENT COMMENT '流水号',
  `role_name` varchar(30) NOT NULL DEFAULT '' COMMENT '角色名称',
  `is_sys` tinyint(4) DEFAULT '0' COMMENT '1:系统预定义角色  0：用户自定义角色。系统预定义角色，界面上不能删除',
  `role_type_code` int(11) DEFAULT '0' COMMENT '角色类型，对应sys_role_type的code',
  `description` varchar(100) NOT NULL DEFAULT '' COMMENT '角色说明',
  `update_time` datetime NOT NULL COMMENT '更新时间',
  `updator` varchar(30) NOT NULL DEFAULT '' COMMENT '更新人',
  PRIMARY KEY (`sys_role_sno`)
) ENGINE=InnoDB AUTO_INCREMENT=53 DEFAULT CHARSET=utf8 COMMENT='角色表';

/*Data for the table `sys_role` */

insert  into `sys_role`(`sys_role_sno`,`role_name`,`is_sys`,`role_type_code`,`description`,`update_time`,`updator`) values 
(0,'超管组',1,0,'超级管理员','2019-11-12 17:34:58','管理员'),
(10,'总经办-领导',1,100,'总经办-领导7','2021-01-20 14:59:13','管理员'),
(11,'总经办-内勤',1,110,'总经办-内勤','2019-09-27 15:19:29','管理员'),
(20,'财务组-专员',1,200,'财务组-专员','2019-09-27 15:19:36','管理员'),
(21,'财务组-主管',1,210,'财务组-主管','2019-09-27 15:19:44','管理员'),
(22,'财务组-经理',1,220,'财务组-经理','2019-09-27 15:19:53','管理员'),
(30,'开发维护组',1,300,'开发维护组','2019-11-12 10:48:00','管理员'),
(40,'行政',1,400,'行政','2019-09-27 15:20:13','管理员'),
(50,'理财师',1,500,'理财师','2019-11-21 10:39:41','管理员'),
(51,'理财主管',1,510,'理财部主管','2019-11-27 14:12:57','管理员'),
(52,'理财总监',1,520,'理财总监','2019-10-30 10:52:18','管理员');

/*Table structure for table `sys_role_right` */

DROP TABLE IF EXISTS `sys_role_right`;

CREATE TABLE `sys_role_right` (
  `sys_role_right_sno` int(11) NOT NULL AUTO_INCREMENT COMMENT '流水号',
  `sys_role_id` int(11) NOT NULL DEFAULT '0' COMMENT '角色id',
  `sys_right_code` varchar(20) NOT NULL DEFAULT ' ' COMMENT '权限编码',
  `update_time` datetime NOT NULL COMMENT '更新时间',
  `updator` varchar(30) NOT NULL DEFAULT ' ' COMMENT '更新人',
  PRIMARY KEY (`sys_role_right_sno`)
) ENGINE=InnoDB AUTO_INCREMENT=1285 DEFAULT CHARSET=utf8 COMMENT='角色权限表';

/*Data for the table `sys_role_right` */

insert  into `sys_role_right`(`sys_role_right_sno`,`sys_role_id`,`sys_right_code`,`update_time`,`updator`) values 
(397,11,'90000','2019-09-27 15:19:29','管理员'),
(398,11,'90002','2019-09-27 15:19:29','管理员'),
(399,11,'90001','2019-09-27 15:19:29','管理员'),
(400,11,'40003','2019-09-27 15:19:29','管理员'),
(401,11,'40002','2019-09-27 15:19:29','管理员'),
(402,11,'40001','2019-09-27 15:19:29','管理员'),
(403,11,'40000','2019-09-27 15:19:29','管理员'),
(404,11,'40004','2019-09-27 15:19:29','管理员'),
(405,11,'30002','2019-09-27 15:19:29','管理员'),
(406,11,'80003','2019-09-27 15:19:29','管理员'),
(407,11,'30001','2019-09-27 15:19:29','管理员'),
(408,11,'80002','2019-09-27 15:19:29','管理员'),
(409,11,'30004','2019-09-27 15:19:29','管理员'),
(410,11,'80001','2019-09-27 15:19:29','管理员'),
(411,11,'30003','2019-09-27 15:19:29','管理员'),
(412,11,'80000','2019-09-27 15:19:29','管理员'),
(413,11,'30020','2019-09-27 15:19:29','管理员'),
(414,11,'30000','2019-09-27 15:19:29','管理员'),
(415,11,'30021','2019-09-27 15:19:29','管理员'),
(416,11,'30006','2019-09-27 15:19:29','管理员'),
(417,11,'30005','2019-09-27 15:19:29','管理员'),
(418,11,'30008','2019-09-27 15:19:29','管理员'),
(419,11,'30007','2019-09-27 15:19:29','管理员'),
(420,11,'20001','2019-09-27 15:19:29','管理员'),
(421,11,'20000','2019-09-27 15:19:29','管理员'),
(422,11,'70001','2019-09-27 15:19:29','管理员'),
(423,11,'70000','2019-09-27 15:19:29','管理员'),
(424,11,'50000','2019-09-27 15:19:29','管理员'),
(425,11,'50002','2019-09-27 15:19:29','管理员'),
(426,11,'50001','2019-09-27 15:19:29','管理员'),
(427,11,'60002','2019-09-27 15:19:29','管理员'),
(428,11,'10000','2019-09-27 15:19:29','管理员'),
(429,11,'50004','2019-09-27 15:19:29','管理员'),
(430,11,'60001','2019-09-27 15:19:29','管理员'),
(431,11,'50003','2019-09-27 15:19:29','管理员'),
(432,11,'60000','2019-09-27 15:19:29','管理员'),
(433,11,'10002','2019-09-27 15:19:29','管理员'),
(434,11,'10001','2019-09-27 15:19:29','管理员'),
(435,11,'50005','2019-09-27 15:19:29','管理员'),
(436,11,'10004','2019-09-27 15:19:29','管理员'),
(437,11,'10003','2019-09-27 15:19:29','管理员'),
(438,11,'10006','2019-09-27 15:19:29','管理员'),
(439,11,'30019','2019-09-27 15:19:29','管理员'),
(440,11,'10005','2019-09-27 15:19:29','管理员'),
(441,20,'60002','2019-09-27 15:19:36','管理员'),
(442,20,'60001','2019-09-27 15:19:36','管理员'),
(443,20,'60000','2019-09-27 15:19:36','管理员'),
(444,21,'50000','2019-09-27 15:19:44','管理员'),
(445,21,'50002','2019-09-27 15:19:44','管理员'),
(446,21,'50001','2019-09-27 15:19:44','管理员'),
(447,21,'60002','2019-09-27 15:19:44','管理员'),
(448,21,'50004','2019-09-27 15:19:44','管理员'),
(449,21,'60001','2019-09-27 15:19:44','管理员'),
(450,21,'50003','2019-09-27 15:19:44','管理员'),
(451,21,'60000','2019-09-27 15:19:44','管理员'),
(452,21,'50005','2019-09-27 15:19:44','管理员'),
(453,22,'70001','2019-09-27 15:19:53','管理员'),
(454,22,'60002','2019-09-27 15:19:53','管理员'),
(455,22,'60001','2019-09-27 15:19:53','管理员'),
(456,22,'60000','2019-09-27 15:19:53','管理员'),
(457,22,'70000','2019-09-27 15:19:53','管理员'),
(502,40,'30002','2019-09-27 15:20:13','管理员'),
(503,40,'30001','2019-09-27 15:20:13','管理员'),
(504,40,'30004','2019-09-27 15:20:13','管理员'),
(505,40,'30003','2019-09-27 15:20:13','管理员'),
(506,40,'30020','2019-09-27 15:20:13','管理员'),
(507,40,'30000','2019-09-27 15:20:13','管理员'),
(508,40,'30021','2019-09-27 15:20:13','管理员'),
(509,40,'30006','2019-09-27 15:20:13','管理员'),
(510,40,'30005','2019-09-27 15:20:13','管理员'),
(511,40,'30008','2019-09-27 15:20:13','管理员'),
(512,40,'30019','2019-09-27 15:20:13','管理员'),
(513,40,'30007','2019-09-27 15:20:13','管理员'),
(902,52,'90000','2019-10-30 10:52:18','管理员'),
(903,52,'90002','2019-10-30 10:52:18','管理员'),
(904,52,'90001','2019-10-30 10:52:18','管理员'),
(905,52,'80003','2019-10-30 10:52:18','管理员'),
(906,52,'60008','2019-10-30 10:52:18','管理员'),
(907,52,'80002','2019-10-30 10:52:18','管理员'),
(908,52,'60007','2019-10-30 10:52:18','管理员'),
(909,52,'80001','2019-10-30 10:52:18','管理员'),
(910,52,'60006','2019-10-30 10:52:18','管理员'),
(911,52,'80000','2019-10-30 10:52:18','管理员'),
(912,52,'60005','2019-10-30 10:52:18','管理员'),
(913,52,'60004','2019-10-30 10:52:18','管理员'),
(914,52,'60003','2019-10-30 10:52:18','管理员'),
(915,52,'60002','2019-10-30 10:52:18','管理员'),
(916,52,'60001','2019-10-30 10:52:18','管理员'),
(917,52,'60000','2019-10-30 10:52:18','管理员'),
(1034,30,'90000','2019-11-12 10:48:00','管理员'),
(1035,30,'90002','2019-11-12 10:48:00','管理员'),
(1036,30,'90001','2019-11-12 10:48:00','管理员'),
(1037,30,'80003','2019-11-12 10:48:00','管理员'),
(1038,30,'80002','2019-11-12 10:48:00','管理员'),
(1039,30,'80001','2019-11-12 10:48:00','管理员'),
(1040,30,'80000','2019-11-12 10:48:00','管理员'),
(1041,30,'30020','2019-11-12 10:48:00','管理员'),
(1042,30,'30021','2019-11-12 10:48:00','管理员'),
(1043,30,'70001','2019-11-12 10:48:00','管理员'),
(1044,30,'70000','2019-11-12 10:48:00','管理员'),
(1045,30,'60009','2019-11-12 10:48:00','管理员'),
(1046,30,'60008','2019-11-12 10:48:00','管理员'),
(1047,30,'60007','2019-11-12 10:48:00','管理员'),
(1048,30,'60006','2019-11-12 10:48:00','管理员'),
(1049,30,'50000','2019-11-12 10:48:00','管理员'),
(1050,30,'60005','2019-11-12 10:48:00','管理员'),
(1051,30,'60004','2019-11-12 10:48:00','管理员'),
(1052,30,'50002','2019-11-12 10:48:00','管理员'),
(1053,30,'60003','2019-11-12 10:48:00','管理员'),
(1054,30,'50001','2019-11-12 10:48:00','管理员'),
(1055,30,'60002','2019-11-12 10:48:00','管理员'),
(1056,30,'50004','2019-11-12 10:48:00','管理员'),
(1057,30,'60001','2019-11-12 10:48:00','管理员'),
(1058,30,'50003','2019-11-12 10:48:00','管理员'),
(1059,30,'60000','2019-11-12 10:48:00','管理员'),
(1060,30,'50005','2019-11-12 10:48:00','管理员'),
(1061,30,'30019','2019-11-12 10:48:00','管理员'),
(1062,30,'40003','2019-11-12 10:48:00','管理员'),
(1063,30,'40002','2019-11-12 10:48:00','管理员'),
(1064,30,'40001','2019-11-12 10:48:00','管理员'),
(1065,30,'40000','2019-11-12 10:48:00','管理员'),
(1066,30,'40004','2019-11-12 10:48:00','管理员'),
(1067,30,'30002','2019-11-12 10:48:00','管理员'),
(1068,30,'30001','2019-11-12 10:48:00','管理员'),
(1069,30,'30004','2019-11-12 10:48:00','管理员'),
(1070,30,'30003','2019-11-12 10:48:00','管理员'),
(1071,30,'30000','2019-11-12 10:48:00','管理员'),
(1072,30,'30006','2019-11-12 10:48:00','管理员'),
(1073,30,'30005','2019-11-12 10:48:00','管理员'),
(1074,30,'30008','2019-11-12 10:48:00','管理员'),
(1075,30,'30007','2019-11-12 10:48:00','管理员'),
(1076,30,'20001','2019-11-12 10:48:00','管理员'),
(1077,30,'20000','2019-11-12 10:48:00','管理员'),
(1078,30,'10000','2019-11-12 10:48:00','管理员'),
(1079,30,'10002','2019-11-12 10:48:00','管理员'),
(1080,30,'10001','2019-11-12 10:48:00','管理员'),
(1081,30,'10004','2019-11-12 10:48:00','管理员'),
(1082,30,'10003','2019-11-12 10:48:00','管理员'),
(1083,30,'10006','2019-11-12 10:48:00','管理员'),
(1084,30,'10005','2019-11-12 10:48:00','管理员'),
(1085,0,'90000','2019-11-12 17:34:58','管理员'),
(1086,0,'90002','2019-11-12 17:34:58','管理员'),
(1087,0,'90001','2019-11-12 17:34:58','管理员'),
(1088,0,'90004','2019-11-12 17:34:58','管理员'),
(1089,0,'90003','2019-11-12 17:34:58','管理员'),
(1090,0,'90006','2019-11-12 17:34:58','管理员'),
(1091,0,'90005','2019-11-12 17:34:58','管理员'),
(1092,0,'80003','2019-11-12 17:34:58','管理员'),
(1093,0,'80002','2019-11-12 17:34:58','管理员'),
(1094,0,'80001','2019-11-12 17:34:58','管理员'),
(1095,0,'80000','2019-11-12 17:34:58','管理员'),
(1096,0,'30020','2019-11-12 17:34:58','管理员'),
(1097,0,'30021','2019-11-12 17:34:58','管理员'),
(1098,0,'70001','2019-11-12 17:34:58','管理员'),
(1099,0,'70000','2019-11-12 17:34:58','管理员'),
(1100,0,'60009','2019-11-12 17:34:58','管理员'),
(1101,0,'60008','2019-11-12 17:34:58','管理员'),
(1102,0,'60007','2019-11-12 17:34:58','管理员'),
(1103,0,'60006','2019-11-12 17:34:58','管理员'),
(1104,0,'50000','2019-11-12 17:34:58','管理员'),
(1105,0,'60005','2019-11-12 17:34:58','管理员'),
(1106,0,'60004','2019-11-12 17:34:58','管理员'),
(1107,0,'50002','2019-11-12 17:34:58','管理员'),
(1108,0,'60003','2019-11-12 17:34:58','管理员'),
(1109,0,'50001','2019-11-12 17:34:58','管理员'),
(1110,0,'60002','2019-11-12 17:34:58','管理员'),
(1111,0,'50004','2019-11-12 17:34:58','管理员'),
(1112,0,'60001','2019-11-12 17:34:58','管理员'),
(1113,0,'50003','2019-11-12 17:34:58','管理员'),
(1114,0,'60000','2019-11-12 17:34:58','管理员'),
(1115,0,'50005','2019-11-12 17:34:58','管理员'),
(1116,0,'30019','2019-11-12 17:34:58','管理员'),
(1117,0,'40003','2019-11-12 17:34:58','管理员'),
(1118,0,'40002','2019-11-12 17:34:58','管理员'),
(1119,0,'40001','2019-11-12 17:34:58','管理员'),
(1120,0,'40000','2019-11-12 17:34:58','管理员'),
(1121,0,'40004','2019-11-12 17:34:58','管理员'),
(1122,0,'30002','2019-11-12 17:34:58','管理员'),
(1123,0,'30001','2019-11-12 17:34:58','管理员'),
(1124,0,'30004','2019-11-12 17:34:58','管理员'),
(1125,0,'30003','2019-11-12 17:34:58','管理员'),
(1126,0,'30000','2019-11-12 17:34:58','管理员'),
(1127,0,'60010','2019-11-12 17:34:58','管理员'),
(1128,0,'30006','2019-11-12 17:34:58','管理员'),
(1129,0,'30005','2019-11-12 17:34:58','管理员'),
(1130,0,'30008','2019-11-12 17:34:58','管理员'),
(1131,0,'30007','2019-11-12 17:34:58','管理员'),
(1132,0,'20001','2019-11-12 17:34:58','管理员'),
(1133,0,'20000','2019-11-12 17:34:58','管理员'),
(1134,0,'10000','2019-11-12 17:34:58','管理员'),
(1135,0,'90008','2019-11-12 17:34:58','管理员'),
(1136,0,'90007','2019-11-12 17:34:58','管理员'),
(1137,0,'10002','2019-11-12 17:34:58','管理员'),
(1138,0,'10001','2019-11-12 17:34:58','管理员'),
(1139,0,'90009','2019-11-12 17:34:58','管理员'),
(1140,0,'10004','2019-11-12 17:34:58','管理员'),
(1141,0,'10003','2019-11-12 17:34:58','管理员'),
(1142,0,'10006','2019-11-12 17:34:58','管理员'),
(1143,0,'10005','2019-11-12 17:34:58','管理员'),
(1160,50,'90000','2019-11-21 10:39:41','管理员'),
(1161,50,'90002','2019-11-21 10:39:41','管理员'),
(1162,50,'90001','2019-11-21 10:39:41','管理员'),
(1163,50,'80003','2019-11-21 10:39:41','管理员'),
(1164,50,'60008','2019-11-21 10:39:41','管理员'),
(1165,50,'60007','2019-11-21 10:39:41','管理员'),
(1166,50,'60006','2019-11-21 10:39:41','管理员'),
(1167,50,'80000','2019-11-21 10:39:41','管理员'),
(1168,50,'60005','2019-11-21 10:39:41','管理员'),
(1169,50,'60004','2019-11-21 10:39:41','管理员'),
(1170,50,'60003','2019-11-21 10:39:41','管理员'),
(1171,50,'60002','2019-11-21 10:39:41','管理员'),
(1172,50,'60001','2019-11-21 10:39:41','管理员'),
(1173,50,'60000','2019-11-21 10:39:41','管理员'),
(1174,51,'90000','2019-11-27 14:12:57','管理员'),
(1175,51,'90011','2019-11-27 14:12:57','管理员'),
(1176,51,'90010','2019-11-27 14:12:57','管理员'),
(1177,51,'90002','2019-11-27 14:12:57','管理员'),
(1178,51,'90013','2019-11-27 14:12:57','管理员'),
(1179,51,'90001','2019-11-27 14:12:57','管理员'),
(1180,51,'90012','2019-11-27 14:12:57','管理员'),
(1181,51,'90004','2019-11-27 14:12:57','管理员'),
(1182,51,'90003','2019-11-27 14:12:57','管理员'),
(1183,51,'90006','2019-11-27 14:12:57','管理员'),
(1184,51,'90005','2019-11-27 14:12:57','管理员'),
(1185,51,'60008','2019-11-27 14:12:57','管理员'),
(1186,51,'60007','2019-11-27 14:12:57','管理员'),
(1187,51,'60006','2019-11-27 14:12:57','管理员'),
(1188,51,'60005','2019-11-27 14:12:57','管理员'),
(1189,51,'60004','2019-11-27 14:12:57','管理员'),
(1190,51,'60003','2019-11-27 14:12:57','管理员'),
(1191,51,'60002','2019-11-27 14:12:57','管理员'),
(1192,51,'60001','2019-11-27 14:12:57','管理员'),
(1193,51,'90008','2019-11-27 14:12:57','管理员'),
(1194,51,'60000','2019-11-27 14:12:57','管理员'),
(1195,51,'90007','2019-11-27 14:12:57','管理员'),
(1196,51,'90009','2019-11-27 14:12:57','管理员'),
(1241,10,'90000','2021-01-20 14:59:13','管理员'),
(1242,10,'90002','2021-01-20 14:59:13','管理员'),
(1243,10,'90001','2021-01-20 14:59:13','管理员'),
(1244,10,'40003','2021-01-20 14:59:13','管理员'),
(1245,10,'40002','2021-01-20 14:59:13','管理员'),
(1246,10,'40001','2021-01-20 14:59:13','管理员'),
(1247,10,'40000','2021-01-20 14:59:13','管理员'),
(1248,10,'40004','2021-01-20 14:59:13','管理员'),
(1249,10,'30002','2021-01-20 14:59:13','管理员'),
(1250,10,'80003','2021-01-20 14:59:13','管理员'),
(1251,10,'30001','2021-01-20 14:59:13','管理员'),
(1252,10,'80002','2021-01-20 14:59:13','管理员'),
(1253,10,'30004','2021-01-20 14:59:13','管理员'),
(1254,10,'80001','2021-01-20 14:59:13','管理员'),
(1255,10,'80000','2021-01-20 14:59:13','管理员'),
(1256,10,'30003','2021-01-20 14:59:13','管理员'),
(1257,10,'30020','2021-01-20 14:59:13','管理员'),
(1258,10,'30000','2021-01-20 14:59:13','管理员'),
(1259,10,'30021','2021-01-20 14:59:13','管理员'),
(1260,10,'30006','2021-01-20 14:59:13','管理员'),
(1261,10,'30005','2021-01-20 14:59:13','管理员'),
(1262,10,'30008','2021-01-20 14:59:13','管理员'),
(1263,10,'30007','2021-01-20 14:59:13','管理员'),
(1264,10,'20001','2021-01-20 14:59:13','管理员'),
(1265,10,'20000','2021-01-20 14:59:13','管理员'),
(1266,10,'70001','2021-01-20 14:59:13','管理员'),
(1267,10,'70000','2021-01-20 14:59:13','管理员'),
(1268,10,'50000','2021-01-20 14:59:13','管理员'),
(1269,10,'50002','2021-01-20 14:59:13','管理员'),
(1270,10,'50001','2021-01-20 14:59:13','管理员'),
(1271,10,'60002','2021-01-20 14:59:13','管理员'),
(1272,10,'50004','2021-01-20 14:59:13','管理员'),
(1273,10,'60001','2021-01-20 14:59:13','管理员'),
(1274,10,'10000','2021-01-20 14:59:13','管理员'),
(1275,10,'60000','2021-01-20 14:59:13','管理员'),
(1276,10,'50003','2021-01-20 14:59:13','管理员'),
(1277,10,'10002','2021-01-20 14:59:13','管理员'),
(1278,10,'10001','2021-01-20 14:59:13','管理员'),
(1279,10,'50005','2021-01-20 14:59:13','管理员'),
(1280,10,'10004','2021-01-20 14:59:13','管理员'),
(1281,10,'10003','2021-01-20 14:59:13','管理员'),
(1282,10,'10006','2021-01-20 14:59:13','管理员'),
(1283,10,'30019','2021-01-20 14:59:13','管理员'),
(1284,10,'10005','2021-01-20 14:59:13','管理员');

/*Table structure for table `sys_role_urls` */

DROP TABLE IF EXISTS `sys_role_urls`;

CREATE TABLE `sys_role_urls` (
  `id` int(11) NOT NULL AUTO_INCREMENT COMMENT '流水号',
  `role_id` int(11) DEFAULT '0' COMMENT '角色id',
  `url_match` varchar(1000) DEFAULT '' COMMENT 'url后缀匹配，如果配置/开始的url，则表示前缀匹配；如果非/开始，则为后缀匹配，后缀匹配可以用正则。',
  `updatime` datetime DEFAULT NULL COMMENT '更新时间',
  PRIMARY KEY (`id`)
) ENGINE=InnoDB DEFAULT CHARSET=utf8 COMMENT='角色url权限，匹配的url可以访问';

/*Data for the table `sys_role_urls` */

/*Table structure for table `sys_roletype` */

DROP TABLE IF EXISTS `sys_roletype`;

CREATE TABLE `sys_roletype` (
  `sys_roletype_code` int(11) NOT NULL AUTO_INCREMENT COMMENT '编码，',
  `sys_roletype_name` varchar(30) NOT NULL DEFAULT '' COMMENT '角色类型名称',
  `sys_roletypeclass_code` tinyint(4) DEFAULT '0' COMMENT '分类code，对应 sys_roletypeclass表的code',
  `description` varchar(100) NOT NULL DEFAULT '' COMMENT '角色说明',
  `update_time` datetime NOT NULL COMMENT '更新时间',
  `updator` varchar(30) NOT NULL DEFAULT ' ' COMMENT '更新人',
  PRIMARY KEY (`sys_roletype_code`)
) ENGINE=InnoDB AUTO_INCREMENT=521 DEFAULT CHARSET=utf8 COMMENT='角色类型表';

/*Data for the table `sys_roletype` */

insert  into `sys_roletype`(`sys_roletype_code`,`sys_roletype_name`,`sys_roletypeclass_code`,`description`,`update_time`,`updator`) values 
(0,'管理员岗位',0,' ','2017-08-04 19:18:29',' '),
(100,'总经办-领导',1,' ','2017-11-13 12:40:36',' '),
(110,'总经办-内勤',1,' ','2018-07-24 15:05:05',' '),
(200,'财务组-专员',2,' ','2018-07-24 15:06:27',' '),
(210,'财务组-主管',2,' ','2018-07-24 15:07:10',' '),
(220,'财务组-经理',2,' ','2018-07-24 15:07:58',' '),
(300,'开发维护组岗位',5,'','2018-07-24 16:06:03',' '),
(400,'行政专员',6,'','2018-09-28 11:26:03',' '),
(410,'行政主管',6,'','2019-08-26 16:42:16',' '),
(420,'行政经理',6,'','2019-08-26 16:42:58',' '),
(500,'理财师',4,'','2019-08-26 16:36:09',' '),
(510,'理财主管',4,'','2019-08-26 16:38:30',' '),
(520,'理财总监',4,'','2019-08-26 16:38:54',' ');

/*Table structure for table `sys_roletypeclass` */

DROP TABLE IF EXISTS `sys_roletypeclass`;

CREATE TABLE `sys_roletypeclass` (
  `code` tinyint(3) unsigned NOT NULL DEFAULT '0' COMMENT 'id',
  `class_name` varchar(40) DEFAULT '' COMMENT '类别名称',
  PRIMARY KEY (`code`)
) ENGINE=InnoDB DEFAULT CHARSET=utf8 COMMENT='角色类型（岗位）分类表，每个角色类型（岗位）对应一个分类';

/*Data for the table `sys_roletypeclass` */

insert  into `sys_roletypeclass`(`code`,`class_name`) values 
(0,'管理员组'),
(1,'总经办'),
(2,'财务部'),
(4,'理财部'),
(5,'开发组'),
(6,'行政部'),
(50,'其它');

/*Table structure for table `sys_sms` */

DROP TABLE IF EXISTS `sys_sms`;

CREATE TABLE `sys_sms` (
  `id` int(11) NOT NULL AUTO_INCREMENT COMMENT 'id',
  `sms_type` int(5) NOT NULL COMMENT '短信类型',
  `mobile` varchar(13) NOT NULL DEFAULT '' COMMENT '接收手机号',
  `content` varchar(200) DEFAULT '' COMMENT '内容',
  `sms_code` varchar(10) DEFAULT '' COMMENT '手机验证码',
  `response` varchar(10) DEFAULT '' COMMENT '返回',
  `response_id` varchar(200) DEFAULT '' COMMENT '返回ID',
  `create_time` datetime DEFAULT NULL COMMENT '创建时间',
  `status` tinyint(4) DEFAULT '1' COMMENT '1:有效  2：无效',
  PRIMARY KEY (`id`),
  KEY `INX_MOBILE` (`mobile`)
) ENGINE=InnoDB DEFAULT CHARSET=utf8 ROW_FORMAT=DYNAMIC COMMENT='后台短信验证发送表';

/*Data for the table `sys_sms` */

/*Table structure for table `sys_user` */

DROP TABLE IF EXISTS `sys_user`;

CREATE TABLE `sys_user` (
  `sys_user_sno` int(10) unsigned NOT NULL AUTO_INCREMENT COMMENT '用户id，流水号',
  `account` varchar(40) NOT NULL DEFAULT '' COMMENT '用户登录名称',
  `password` varchar(80) DEFAULT NULL COMMENT '用户密码',
  `name` varchar(20) NOT NULL DEFAULT '' COMMENT '用户名称',
  `tel` varchar(30) NOT NULL DEFAULT '' COMMENT '电话',
  `sex` char(4) NOT NULL DEFAULT '未知' COMMENT '性别 男 ，女 ，未知',
  `phone` varchar(20) NOT NULL DEFAULT '' COMMENT '手机号码',
  `birth_day` date DEFAULT NULL COMMENT '生日',
  `nike_name` varchar(20) CHARACTER SET utf8mb4 DEFAULT '' COMMENT '昵称',
  `email` varchar(30) NOT NULL DEFAULT '' COMMENT '邮件地址',
  `nation` varchar(16) DEFAULT '' COMMENT '民族',
  `add_time` datetime DEFAULT NULL COMMENT '添加时间',
  `pic_url` varchar(128) DEFAULT '' COMMENT '用户图片URL',
  `sign` varchar(40) DEFAULT '' COMMENT '个性签名',
  `update_time` datetime DEFAULT NULL COMMENT '更新时间',
  `updator` varchar(15) DEFAULT '' COMMENT '添加人姓名',
  `enable` tinyint(4) NOT NULL DEFAULT '1' COMMENT '0：无效 1：有效',
  PRIMARY KEY (`sys_user_sno`),
  UNIQUE KEY `UI_ACCOUNT` (`account`,`enable`)
) ENGINE=InnoDB AUTO_INCREMENT=184 DEFAULT CHARSET=utf8 COMMENT='用户表，此表存放所有使用本系统的用户';

/*Data for the table `sys_user` */

insert  into `sys_user`(`sys_user_sno`,`account`,`password`,`name`,`tel`,`sex`,`phone`,`birth_day`,`nike_name`,`email`,`nation`,`add_time`,`pic_url`,`sign`,`update_time`,`updator`,`enable`) values 
(1,'adminjyd100','323927b270f4d4d0da679188342e82a7','管理员','','男','18565574709','2018-08-01','admin','','','2017-11-16 18:39:56','','abf65ef8f72a2708016b135161d3ae56','2018-08-17 11:49:02','管理员',1),
(3,'RSQ123456','fd3d9dc9668d08887af4352cf8e2b0e3','容树强','','男','13825113328',NULL,'','','','2019-08-30 18:04:56','','d8e2aac77b37990658cb6b96b02f1920','2019-10-21 11:05:52','王赛男',1),
(4,'Lv123456','5865baef2454663fcaa9ebc5a56cdd65','吕传真','','男','15616659958',NULL,'','','','2019-09-03 10:42:37','','37a6259cc0c1dae299a7866489dff0bd','2019-09-03 10:42:37','管理员',1),
(5,'hyy123456','b8096e59d40d569a4fc2c011433ec936','洪跃源','','男','18602052757',NULL,'','','','2019-09-03 10:42:37','','bd394ff2197f6b20d3ad978411022148','2019-11-27 14:11:07','管理员',1),
(90,'xhlcb001','fd3d9dc9668d08887af4352cf8e2b0e3','小洪','','未知','18602052756',NULL,'','','','2019-10-11 20:58:45','','',NULL,'',1),
(92,'lin01','323927b270f4d4d0da679188342e82a7','林一','','未知','13928833591',NULL,'','','','2019-10-12 09:52:36','','',NULL,'',1),
(93,'wlc0','fd3d9dc9668d08887af4352cf8e2b0e3','王理财零','','未知','13698167620',NULL,'','','','2019-10-12 10:14:42','','',NULL,'',1),
(94,'wlc1','fd3d9dc9668d08887af4352cf8e2b0e3','王理财壹','','未知','13698167621',NULL,'','','','2019-10-12 10:15:22','','',NULL,'',1),
(95,'wlc2','b8096e59d40d569a4fc2c011433ec936','王理财贰','','未知','13698167622',NULL,'','','','2019-10-12 10:16:08','','','2019-11-27 14:15:22','管理员',1),
(96,'wlc3','fd3d9dc9668d08887af4352cf8e2b0e3','王理财叁','','未知','13698167623',NULL,'','','','2019-10-12 10:16:53','','',NULL,'',1),
(97,'wlc4','fd3d9dc9668d08887af4352cf8e2b0e3','王理财肆','','未知','13698167624',NULL,'','','','2019-10-12 10:17:23','','',NULL,'',1),
(98,'wlc5','fd3d9dc9668d08887af4352cf8e2b0e3','王理财伍','','未知','13698167625',NULL,'','','','2019-10-12 10:17:52','','',NULL,'',1),
(101,'yscf_wsn','99bf32220c4191ff3d6313f4a3cf8966','王赛男','','女','13798167620',NULL,'王赛男','','','2019-10-12 18:20:18','','be2ac16fc9fbcd2b7e61b92eb2b886d1','2019-10-31 11:18:11','管理员',1),
(102,'lin02','6fbf961a0c61c352912fe17023f09ae0','林二','','未知','13922775397',NULL,'','','','2019-10-14 10:14:08','','',NULL,'',1),
(103,'wl0','fd3d9dc9668d08887af4352cf8e2b0e3','王里零','','未知','13698167610',NULL,'','','','2019-10-14 10:24:24','','',NULL,'',1),
(104,'wl1','fd3d9dc9668d08887af4352cf8e2b0e3','王里一','','未知','13698167611',NULL,'','','','2019-10-14 10:25:31','','',NULL,'',1),
(105,'wl2','fd3d9dc9668d08887af4352cf8e2b0e3','王里二','','未知','13698167612',NULL,'','','','2019-10-14 10:26:11','','',NULL,'',1),
(106,'wl3','fd3d9dc9668d08887af4352cf8e2b0e3','王里三','','未知','13698167613',NULL,'','','','2019-10-14 10:26:11','','',NULL,'',1),
(107,'wl4','fd3d9dc9668d08887af4352cf8e2b0e3','王里四','','未知','13698167614',NULL,'','','','2019-10-14 10:26:11','','',NULL,'',1),
(108,'lin03','fd3d9dc9668d08887af4352cf8e2b0e3','林三','','未知','13922755157',NULL,'','','','2019-10-14 10:59:57','','',NULL,'',1),
(109,'rzj','fd3d9dc9668d08887af4352cf8e2b0e3','容总监','','未知','13825113327',NULL,'','','','2019-10-14 11:18:44','','',NULL,'',1),
(110,'rzg','fd3d9dc9668d08887af4352cf8e2b0e3','容主管','','未知','13825113329',NULL,'','','','2019-10-14 11:19:26','','',NULL,'',1),
(111,'wl5','fd3d9dc9668d08887af4352cf8e2b0e3','王里五','','未知','13698167615',NULL,'','','','2019-10-14 12:05:00','','',NULL,'',1),
(112,'wl6','fd3d9dc9668d08887af4352cf8e2b0e3','王里二','','未知','13698167612',NULL,'','','','2019-10-14 12:05:25','','',NULL,'',0),
(113,'rt001','fd3d9dc9668d08887af4352cf8e2b0e3','容理一','','未知','17728813365',NULL,'','774589dds@2890.com','','2019-10-14 14:44:29','','',NULL,'',1),
(114,'rt002','fd3d9dc9668d08887af4352cf8e2b0e3','容理二','','未知','15487455695',NULL,'','','','2019-10-14 14:44:29','','',NULL,'',1),
(115,'rt003','fd3d9dc9668d08887af4352cf8e2b0e3','容理三','','未知','14895784665',NULL,'','47584595520312@qq.com','','2019-10-14 14:44:29','','',NULL,'',1),
(116,'rt004','fd3d9dc9668d08887af4352cf8e2b0e3','容理四','','男','17521425165',NULL,'','','','2019-10-14 14:51:23','','',NULL,'',1),
(117,'rt005','fd3d9dc9668d08887af4352cf8e2b0e3','容理五','','男','19685585474',NULL,'','','','2019-10-14 14:51:23','','',NULL,'',1),
(118,'rt006','fd3d9dc9668d08887af4352cf8e2b0e3','容理六','','女','14564564565',NULL,'','485112@qq.com','','2019-10-14 14:51:24','','',NULL,'',0),
(119,'wl6','fd3d9dc9668d08887af4352cf8e2b0e3','王里六','','未知','13698167616',NULL,'','','','2019-10-14 14:56:01','','',NULL,'',1),
(120,'wl7','fd3d9dc9668d08887af4352cf8e2b0e3','王里七','','未知','13698167617',NULL,'','','','2019-10-14 14:58:50','','',NULL,'',1),
(121,'wl8','fd3d9dc9668d08887af4352cf8e2b0e3','王里八','','未知','13698167618',NULL,'','','','2019-10-14 14:58:50','','',NULL,'',1),
(122,'wl9','fd3d9dc9668d08887af4352cf8e2b0e3','王里九','','未知','13698167619',NULL,'','','','2019-10-14 14:58:50','','',NULL,'',1),
(123,'wangl0','fd3d9dc9668d08887af4352cf8e2b0e3','王礼零','','未知','18898167600',NULL,'','','','2019-10-14 17:59:36','','',NULL,'',1),
(124,'wangl1','fd3d9dc9668d08887af4352cf8e2b0e3','王礼一','','未知','18898167601',NULL,'','','','2019-10-14 18:00:17','','',NULL,'',1),
(125,'wangl2','fd3d9dc9668d08887af4352cf8e2b0e3','王礼二','','未知','18898167602',NULL,'','','','2019-10-14 18:00:52','','',NULL,'',1),
(126,'wangl3','fd3d9dc9668d08887af4352cf8e2b0e3','王礼三','','未知','18898167603',NULL,'','','','2019-10-14 18:01:13','','',NULL,'',1),
(127,'wc1','fd3d9dc9668d08887af4352cf8e2b0e3','王财一','','未知','15198167601',NULL,'','','','2019-10-15 15:21:56','','',NULL,'',1),
(128,'wc2','fd3d9dc9668d08887af4352cf8e2b0e3','王财二','','未知','15198167602',NULL,'','','','2019-10-15 15:22:20','','',NULL,'',1),
(129,'wc3','fd3d9dc9668d08887af4352cf8e2b0e3','王财三','','未知','15198167603',NULL,'','','','2019-10-15 15:22:43','','',NULL,'',1),
(130,'noFinance','fa99a246d7e2ec6bd5a9562431420e0a','不是理财师','','男','18719333924',NULL,'','','','2019-10-16 11:17:53','','37a6259cc0c1dae299a7866489dff0bd','2019-10-16 11:17:53','管理员',1),
(131,'fffwefd','fd3d9dc9668d08887af4352cf8e2b0e3','啊啊额','','男','18719333924',NULL,'','485112@qq.com','','2019-10-16 11:24:38','','',NULL,'',0),
(133,'linshaoer','6fbf961a0c61c352912fe17023f09ae0','林少儿','','女','13686804199',NULL,'林','','','2019-10-19 10:04:53','','37a6259cc0c1dae299a7866489dff0bd','2019-10-19 10:04:53','管理员',1),
(134,'whl','fd3d9dc9668d08887af4352cf8e2b0e3','王荟零','','未知','13198160001',NULL,'','','','2019-10-24 15:02:40','','',NULL,'',0),
(135,'why','fd3d9dc9668d08887af4352cf8e2b0e3','王荟一','','未知','13198160002',NULL,'','','','2019-10-24 15:03:19','','',NULL,'',1),
(136,'whe','fd3d9dc9668d08887af4352cf8e2b0e3','王荟二','','未知','13198160002',NULL,'','','','2019-10-24 15:06:33','','',NULL,'',1),
(137,'wf0','fd3d9dc9668d08887af4352cf8e2b0e3','王非零','','未知','18898160001',NULL,'','','','2019-10-24 15:27:12','','',NULL,'',1),
(138,'wq0','fd3d9dc9668d08887af4352cf8e2b0e3','王祁一','','未知','18698167601',NULL,'','','','2019-10-24 15:30:30','','',NULL,'',1),
(139,'wq2','fd3d9dc9668d08887af4352cf8e2b0e3','王祁二','','未知','18698167602',NULL,'','','','2019-10-24 15:31:59','','',NULL,'',1),
(140,'wq3','fd3d9dc9668d08887af4352cf8e2b0e3','王祁三','','未知','18698167603',NULL,'','','','2019-10-24 15:32:18','','',NULL,'',1),
(141,'HJJ123456','ac7856c58bd35ef6c696f440e6afe469','当当当','','男','13452323123',NULL,'当当当','','','2019-10-24 18:00:45','','37a6259cc0c1dae299a7866489dff0bd','2019-10-24 18:00:45','管理员',1),
(142,'ww1','fd3d9dc9668d08887af4352cf8e2b0e3','王旺一','','未知','19198167601',NULL,'','','','2019-10-25 10:06:59','','',NULL,'',1),
(143,'ww2','fd3d9dc9668d08887af4352cf8e2b0e3','王旺二','','未知','19198167602',NULL,'','','','2019-10-25 10:06:59','','',NULL,'',1),
(144,'ww3','fd3d9dc9668d08887af4352cf8e2b0e3','王旺三','','未知','19198167603',NULL,'','','','2019-10-25 10:06:59','','',NULL,'',1),
(145,'ww4','fd3d9dc9668d08887af4352cf8e2b0e3','王旺四','','未知','19198167604',NULL,'','','','2019-10-25 10:06:59','','',NULL,'',1),
(146,'ws0','fd3d9dc9668d08887af4352cf8e2b0e3','王赛零','','未知','17798167600',NULL,'','','','2019-10-25 10:09:59','','',NULL,'',1),
(147,'ws1','fd3d9dc9668d08887af4352cf8e2b0e3','王赛一','','未知','17798167601',NULL,'','','','2019-10-25 10:10:22','','',NULL,'',1),
(148,'ws2','fd3d9dc9668d08887af4352cf8e2b0e3','王赛二','','未知','17798167602',NULL,'','','','2019-10-25 10:10:50','','',NULL,'',1),
(149,'ws3','fd3d9dc9668d08887af4352cf8e2b0e3','王赛三','','未知','17798167603',NULL,'','','','2019-10-25 10:15:51','','',NULL,'',1),
(150,'ws4','fd3d9dc9668d08887af4352cf8e2b0e3','王赛四','','未知','17798167604',NULL,'','','','2019-10-25 10:15:52','','',NULL,'',1),
(151,'ws5','fd3d9dc9668d08887af4352cf8e2b0e3','王赛五','','未知','17798167605',NULL,'','','','2019-10-25 10:15:52','','',NULL,'',1),
(152,'ws6','fd3d9dc9668d08887af4352cf8e2b0e3','王赛六','','未知','17798167606',NULL,'','','','2019-10-25 10:15:52','','',NULL,'',1),
(153,'wcs111','fd3d9dc9668d08887af4352cf8e2b0e3','王策生','','未知','13898765433',NULL,'','','','2019-10-29 14:41:04','','',NULL,'',1),
(154,'lin001','fd3d9dc9668d08887af4352cf8e2b0e3','理财总监','','未知','18922344999',NULL,'','','','2019-11-07 17:33:25','','',NULL,'',1),
(155,'wk0','fd3d9dc9668d08887af4352cf8e2b0e3','王筷零','','未知','13100000000',NULL,'','','','2019-11-11 15:01:34','','',NULL,'',1),
(156,'wk1','fd3d9dc9668d08887af4352cf8e2b0e3','王筷一','','未知','13100000001',NULL,'','','','2019-11-11 15:02:10','','',NULL,'',1),
(157,'wk2','fd3d9dc9668d08887af4352cf8e2b0e3','王筷二','','未知','13100000002',NULL,'','','','2019-11-11 15:02:40','','',NULL,'',1),
(158,'wk3','fd3d9dc9668d08887af4352cf8e2b0e3','王筷三','','未知','13100000003',NULL,'','','','2019-11-11 15:03:14','','',NULL,'',1),
(159,'wk4','fd3d9dc9668d08887af4352cf8e2b0e3','王筷四','','未知','13100000004',NULL,'','','','2019-11-11 15:07:16','','',NULL,'',1),
(160,'wk5','fd3d9dc9668d08887af4352cf8e2b0e3','王筷五','','未知','13100000005',NULL,'','','','2019-11-11 15:09:00','','',NULL,'',1),
(161,'wk6','fd3d9dc9668d08887af4352cf8e2b0e3','王筷六','','未知','13100000006',NULL,'','','','2019-11-11 15:09:24','','',NULL,'',1),
(162,'lin002','fd3d9dc9668d08887af4352cf8e2b0e3','理财主管','','未知','13829735293',NULL,'','','','2019-11-11 15:53:46','','',NULL,'',1),
(163,'lin003','fd3d9dc9668d08887af4352cf8e2b0e3','理财师','','未知','13922383915',NULL,'','','','2019-11-11 15:57:30','','',NULL,'',1),
(164,'lin004','fd3d9dc9668d08887af4352cf8e2b0e3','林晓一','','未知','13829735295',NULL,'','','','2019-11-12 09:47:12','','',NULL,'',1),
(165,'lin005','fd3d9dc9668d08887af4352cf8e2b0e3','林小五','','未知','13729887895',NULL,'','','','2019-11-12 15:47:38','','',NULL,'',1),
(166,'lin006','fd3d9dc9668d08887af4352cf8e2b0e3','林小六','','未知','13729887898',NULL,'','','','2019-11-12 15:48:01','','',NULL,'',1),
(167,'lin007','fd3d9dc9668d08887af4352cf8e2b0e3','林小七','','未知','13729887897',NULL,'','','','2019-11-12 15:48:44','','',NULL,'',1),
(168,'lin008','fd3d9dc9668d08887af4352cf8e2b0e3','理一','','未知','18825168511',NULL,'','','','2019-11-14 09:50:29','','',NULL,'',1),
(169,'lin009','fd3d9dc9668d08887af4352cf8e2b0e3','理二','','未知','18825168510',NULL,'','','','2019-11-14 09:54:02','','',NULL,'',1),
(170,'lin','fd3d9dc9668d08887af4352cf8e2b0e3','理三','','未知','18825168512',NULL,'','','','2019-11-14 10:07:21','','',NULL,'',1),
(171,'yslc0','fd3d9dc9668d08887af4352cf8e2b0e3','演示理财零','','未知','13500000000',NULL,'','','','2019-11-15 09:41:25','','',NULL,'',1),
(172,'yslc1','fd3d9dc9668d08887af4352cf8e2b0e3','演示理财一','','未知','13500000001',NULL,'','','','2019-11-15 09:42:02','','',NULL,'',1),
(173,'yslc2','fd3d9dc9668d08887af4352cf8e2b0e3','演示理财二','','未知','13500000002',NULL,'','','','2019-11-15 09:42:33','','',NULL,'',1),
(174,'yslc3','fd3d9dc9668d08887af4352cf8e2b0e3','演示理财三','','未知','13500000003',NULL,'','','','2019-11-15 15:31:20','','',NULL,'',1),
(175,'yslc4','fd3d9dc9668d08887af4352cf8e2b0e3','演示理财四','','未知','13500000004',NULL,'','','','2019-11-15 15:32:30','','',NULL,'',1),
(176,'yslc5','fd3d9dc9668d08887af4352cf8e2b0e3','演示理财五','','未知','13500000005',NULL,'','','','2019-11-15 15:32:54','','',NULL,'',1),
(177,'lin0001','fd3d9dc9668d08887af4352cf8e2b0e3','林颜一','','未知','13660707999',NULL,'','','','2019-11-21 10:00:47','','',NULL,'',1),
(178,'lin0002','fd3d9dc9668d08887af4352cf8e2b0e3','林颜二','','未知','15920100088',NULL,'','','','2019-11-21 10:01:22','','',NULL,'',1),
(179,'lin0003','fd3d9dc9668d08887af4352cf8e2b0e3','林颜三','','未知','13610006588',NULL,'','','','2019-11-21 10:01:54','','',NULL,'',1),
(180,'lin0007','fd3d9dc9668d08887af4352cf8e2b0e3','林颜四','','未知','14750000558',NULL,'','','','2019-11-21 17:39:32','','',NULL,'',1),
(181,'lin0008','fd3d9dc9668d08887af4352cf8e2b0e3','林颜五','','未知','14750000678',NULL,'','','','2019-11-21 17:40:01','','',NULL,'',1),
(182,'lin0009','fd3d9dc9668d08887af4352cf8e2b0e3','林颜六','','未知','13610344567',NULL,'','','','2019-11-21 17:40:40','','',NULL,'',1),
(183,'13922369407','fd3d9dc9668d08887af4352cf8e2b0e3','定点','','未知','13922369407',NULL,'','','','2019-11-28 15:24:20','','','2021-04-14 18:27:23','管理员',0);

/*Table structure for table `sys_user_oper_log` */

DROP TABLE IF EXISTS `sys_user_oper_log`;

CREATE TABLE `sys_user_oper_log` (
  `id` int(11) NOT NULL AUTO_INCREMENT COMMENT '流水号',
  `right_name` varchar(30) NOT NULL DEFAULT '' COMMENT '模块名称',
  `oper_type` smallint(11) NOT NULL DEFAULT '0' COMMENT '操作类型 1：增加数据  2：修改数据  3：删除数据  4：审批数据   5：查看数据  6：登录与退出',
  `detail` varchar(500) NOT NULL COMMENT '操作详情描述',
  `user_name` varchar(30) NOT NULL DEFAULT '' COMMENT '操作人姓名',
  `user_id` int(11) NOT NULL DEFAULT '0' COMMENT '用户id',
  `ip` varchar(20) DEFAULT '' COMMENT 'ip',
  `logid` varchar(7) DEFAULT '' COMMENT '日志id',
  `src_ip` varchar(20) DEFAULT '' COMMENT '来源ip',
  `req_args` varchar(2000) DEFAULT '' COMMENT '请求参数',
  `oper_time` datetime DEFAULT NULL COMMENT '操作时间',
  `source` int(11) DEFAULT '0' COMMENT '1:android 2:pc  3:微站',
  PRIMARY KEY (`id`),
  KEY `INX_SysUserOperLog_Operatime` (`user_id`)
) ENGINE=InnoDB AUTO_INCREMENT=42 DEFAULT CHARSET=utf8 COMMENT='用户操作日志表';

/*Data for the table `sys_user_oper_log` */

insert  into `sys_user_oper_log`(`id`,`right_name`,`oper_type`,`detail`,`user_name`,`user_id`,`ip`,`logid`,`src_ip`,`req_args`,`oper_time`,`source`) values 
(1,'系统模块',1,'登陆成功！','adminjyd100',1,'172.28.80.1','790801','192.168.0.106','{\"sign\":[\"2e7d645b181215bf5253fb89af946673\"],\"username\":[\"adminjyd100\"],\"password\":[\"DkXbn+1khoBm99psDFYLQ2tsdK5G5tNhSZb+58Z/I9N//IsSIhBHv9VPUVsBmRlPQMRtG7u3teEEBwcCitBixQ\\u003d\\u003d\"],\"valcode\":[\"ap4b\"],\"smscode\":[\"123456\"]}','2021-01-07 17:20:32',2),
(2,'系统模块',1,'登陆成功！','adminjyd100',1,'172.28.80.1','512229','192.168.0.106','{\"sign\":[\"6fd577523bc69d7278fa185a4f148d9c\"],\"username\":[\"adminjyd100\"],\"password\":[\"HlbU4TVTpzk/Z2ALpAwZdDwhsu+18YuLyghN2SpBhPvJBMMLTyXII3nycQnVMTneInYVL9yv4Sw9FG/DnLJ9ZQ\\u003d\\u003d\"],\"valcode\":[\"8ul9\"],\"smscode\":[\"123456\"]}','2021-01-07 17:43:02',2),
(3,'系统模块',1,'登陆成功！','adminjyd100',1,'172.28.80.1','132747','192.168.0.106','{\"sign\":[\"ed7a9635798922d313087deece2bdf97\"],\"username\":[\"adminjyd100\"],\"password\":[\"HPpSHhf158cFyY27MX9Ask3dw9U9AdTEuhou3JPwq4hI/P9WZGOBVF16xYKB5OrDJmRYvf3SPc1dk8LZ2t4OFA\\u003d\\u003d\"],\"valcode\":[\"vxu7\"],\"smscode\":[\"123456\"]}','2021-01-07 17:57:33',2),
(4,'系统模块',1,'登陆成功！','adminjyd100',1,'172.28.80.1','124089','192.168.0.106','{\"sign\":[\"28f07e40bc9f80f0398b2844ed1cbb2d\"],\"username\":[\"adminjyd100\"],\"password\":[\"fsv88/ykXmSCJHzCeUoUZMH9FchCOLbj3TblTH2s01CUymmuKs8VoH5IaIbxzYj1R1R5S78kud5vO+OZer0+Yw\\u003d\\u003d\"],\"valcode\":[\"b9b4\"],\"smscode\":[\"123456\"]}','2021-01-07 18:01:43',2),
(5,'系统模块',2,'修改角色表数据,id为10','adminjyd100',1,'172.28.80.1','800086','192.168.0.106','{\"roleName\":[\"总经办-领导\"],\"hiddenCode\":[\"10\"],\"sysRight\":[\"90002\",\"90001\",\"40003\",\"40002\",\"40001\",\"40004\",\"30002\",\"80003\",\"30001\",\"80002\",\"30004\",\"80001\",\"30003\",\"30020\",\"30021\",\"30006\",\"30005\",\"30008\",\"30007\",\"20001\",\"70001\",\"50002\",\"50001\",\"60002\",\"50004\",\"60001\",\"50003\",\"10002\",\"10001\",\"50005\",\"10004\",\"10003\",\"10006\",\"30019\",\"10005\",\"10000\",\"20000\",\"40000\",\"50000\",\"70000\",\"80000\"],\"description\":[\"总经办-领导7\"],\"sno\":[\"10\"]}','2021-01-07 18:02:29',2),
(6,'系统模块',1,'登陆成功！','adminjyd100',1,'172.28.80.1','218404','192.168.0.106','{\"sign\":[\"63e6efd97d40430c242f3dcf50bd487f\"],\"username\":[\"adminjyd100\"],\"password\":[\"dmIYHHfXbca1fXZY+5YC0nAFo9O/kQCLEg2rAkFJDA11A+rw8ZrSMaYqHRqX1CUj87yBUoNvc64EaeeZl8/+1w\\u003d\\u003d\"],\"valcode\":[\"xqpv\"],\"smscode\":[\"123456\"]}','2021-01-08 10:25:23',2),
(7,'系统模块',1,'登陆成功！','adminjyd100',1,'172.28.80.1','912047','192.168.0.106','{\"sign\":[\"34d60b402777a6e2fc1793e861fc4755\"],\"username\":[\"adminjyd100\"],\"password\":[\"KUoyr+zq4at63njlTLhFzsASle8qK6d/RomJexxsjMJ4te5qemM3hLW59va06PxM2xET1HyXY9tCZwqXVb0A/g\\u003d\\u003d\"],\"valcode\":[\"mxx5\"],\"smscode\":[\"123456\"]}','2021-01-08 11:09:06',2),
(8,'系统模块',1,'登陆成功！','adminjyd100',1,'172.28.80.1','991049','192.168.0.106','{\"sign\":[\"a6206c99067634f19fa5a7e35cb0c454\"],\"username\":[\"adminjyd100\"],\"password\":[\"E5AjVISFruh9qSGuO782q6bbrd8ur4THZKHoeFGzbIorSpXWABENhSE9bmwKnTeUxIx9Ur8wEa0l0RkNOz1Evg\\u003d\\u003d\"],\"valcode\":[\"kyb8\"],\"smscode\":[\"123456\"]}','2021-01-08 11:29:07',2),
(9,'系统模块',1,'登陆成功！','adminjyd100',1,'172.28.80.1','228297','192.168.0.106','{\"sign\":[\"64e28c0c0749a8156f975f4fd4f89c38\"],\"username\":[\"adminjyd100\"],\"password\":[\"f7lcXRQdtXCD9KVTbASJpTiTZlSS0ICBUItVoq+OWcrnARCExVo9CaUpT9hZnLvbgB7VY2lGNI7saDwjSGhhmg\\u003d\\u003d\"],\"valcode\":[\"gr8g\"],\"smscode\":[\"123456\"]}','2021-01-08 11:38:12',2),
(10,'系统模块',1,'登陆成功！','adminjyd100',1,'172.28.80.1','970859','192.168.0.106','{\"sign\":[\"9568cac953a606795f4768361a7ddbc6\"],\"username\":[\"adminjyd100\"],\"password\":[\"N7lQ9z8c9h4l6TGVAlxiLuiLQS9zilOKTYQqKijMrf+sH5UlJPoIe6T6RusMzd1Tm5j+ZER7vMarkfyYiGoOtA\\u003d\\u003d\"],\"valcode\":[\"34CB\"],\"smscode\":[\"123456\"]}','2021-01-08 13:20:15',2),
(11,'系统模块',1,'登陆成功！','adminjyd100',1,'172.28.80.1','525446','192.168.0.106','{\"sign\":[\"935a568aef60d4300a5cd23a2931adaa\"],\"username\":[\"adminjyd100\"],\"password\":[\"KAO60Yq6H5LE1Nsq/fqQrpz3jm70pWX1DTJ/CM9OTaH8TejDeawdotqwABUl8penWY3Yq7A/DuzcF9H5mBUvGw\\u003d\\u003d\"],\"valcode\":[\"ptqn\"],\"smscode\":[\"123456\"]}','2021-01-08 14:53:25',2),
(12,'系统模块',1,'登陆成功！','adminjyd100',1,'172.28.80.1','496729','192.168.0.106','{\"sign\":[\"d744e0b859361eace048150d46435b87\"],\"username\":[\"adminjyd100\"],\"password\":[\"FuwI0Z5Ys5SsDAtantFRKEyW1e2qikx0k/0AwMQrwlMu8R2qaEMB4l1qs/WWC0Hsk/k5s1czkWWt/2RIwcdRnA\\u003d\\u003d\"],\"valcode\":[\"tc5k\"],\"smscode\":[\"123456\"]}','2021-01-20 14:58:23',2),
(13,'系统模块',2,'修改角色表数据,id为10','adminjyd100',1,'172.28.80.1','331955','192.168.0.106','{\"roleName\":[\"总经办-领导\"],\"hiddenCode\":[\"10\"],\"sysRight\":[\"90002\",\"90001\",\"40003\",\"40002\",\"40001\",\"40004\",\"30002\",\"80003\",\"30001\",\"80002\",\"30004\",\"80001\",\"30003\",\"30020\",\"30021\",\"30006\",\"30005\",\"30008\",\"30007\",\"20001\",\"70001\",\"50002\",\"50001\",\"60002\",\"50004\",\"60001\",\"50003\",\"10002\",\"10001\",\"50005\",\"10004\",\"10003\",\"10006\",\"30019\",\"10005\",\"10000\",\"20000\",\"40000\",\"50000\",\"70000\",\"80000\"],\"description\":[\"总经办-领导7\"],\"sno\":[\"10\"]}','2021-01-20 14:59:13',2),
(14,'系统模块',1,'登陆成功！','adminjyd100',1,'172.28.80.1','770837','192.168.0.106','{\"sign\":[\"80c00463b1ccc8a4e290a4166347d3d0\"],\"username\":[\"adminjyd100\"],\"password\":[\"HmzDklNm7nAD/ogbhejUouosHQPQgMqpkVCG4XtPjYVKJG/gIDDt6FxfUI/aXRIUce+ywMK5O+YJHSbdKaPWqw\\u003d\\u003d\"],\"valcode\":[\"y84l\"],\"smscode\":[\"123456\"]}','2021-01-20 15:01:40',2),
(15,'系统模块',1,'登陆成功！','adminjyd100',1,'172.28.80.1','695971','192.168.0.106','{\"sign\":[\"9e4b48fb2d017c1ec720fbd7ad6acd3e\"],\"username\":[\"adminjyd100\"],\"password\":[\"CPt8mykFpYBp3Xefrr2oAgcCEmUxsxq+OO2nx2wjUfSxXf5Vgwk1Em0vQHvCchetrX3GIeHa7sd+duX3LCEzXA\\u003d\\u003d\"],\"valcode\":[\"jj8p\"],\"smscode\":[\"123456\"]}','2021-01-20 15:04:16',2),
(16,'系统模块',1,'登陆成功！','adminjyd100',1,'172.28.80.1','925669','192.168.0.106','{\"sign\":[\"ec6efe196754433c6464846f91cd092f\"],\"username\":[\"adminjyd100\"],\"password\":[\"acbM3Vjs04RwOFgUudXVDDWkRp3hS9UQYV0qXq8LPrinaPOzKa7xdyMmaQIkWody7gMkQ311UXeEP9sAV1lnyg\\u003d\\u003d\"],\"valcode\":[\"5e4c\"],\"smscode\":[\"123456\"]}','2021-01-20 15:16:08',2),
(17,'系统模块',1,'登陆成功！','adminjyd100',1,'172.28.80.1','668947','192.168.0.106','{\"sign\":[\"66b87e5522dede9a2a29b7909c60649a\"],\"username\":[\"adminjyd100\"],\"password\":[\"d62y3pIK8QJvYMwArcTvyYBkFE76p5JGYnkLvzuEySnADwkwsFB4WvFdNZwBD5Kcg/esHNfiJdlyM6JMg/CTdw\\u003d\\u003d\"],\"valcode\":[\"vbwx\"],\"smscode\":[\"123456\"]}','2021-01-20 15:16:32',2),
(18,'系统模块',1,'登陆成功！','adminjyd100',1,'172.28.80.1','608195','192.168.0.106','{\"sign\":[\"1b23e722402746bed9079cf3a57e453e\"],\"username\":[\"adminjyd100\"],\"password\":[\"c5M756m3dIw1uPqIivTZZE/wm2fitEBi6C2ThRM7tThW4jog7jS4fs+bDBZe9cqc5LW60cYEHW6LkDe7WEW2Yg\\u003d\\u003d\"],\"valcode\":[\"22vk\"],\"smscode\":[\"123456\"]}','2021-01-20 15:23:24',2),
(19,'系统模块',1,'登陆成功！','adminjyd100',1,'172.29.0.1','695012','192.168.0.106','{\"sign\":[\"f550c1be84a74da751066170c1fa96b4\"],\"username\":[\"adminjyd100\"],\"password\":[\"PWuA5uhc0znXXai8fbREsZeLmne+STp8xjEa4Maj03QUWZFMz+t1k8zlXxx6sCd+FJzN33f1GKYpvOqfMn6rmA\\u003d\\u003d\"],\"valcode\":[\"nrv4\"],\"smscode\":[\"123456\"]}','2021-01-23 19:54:27',2),
(20,'系统模块',1,'登陆成功！','adminjyd100',1,'172.29.0.1','968843','192.168.0.106','{\"sign\":[\"0f95323f76031da1094d833a32087138\"],\"username\":[\"adminjyd100\"],\"password\":[\"JgqX4koKALmH1ZpAu8RvTU8K2TS5YRLxMRSEWOprb3YlPFAkdlkAUKiFcCwvaRQyFhbhqhlT+mG6tp0HSCbv0g\\u003d\\u003d\"],\"valcode\":[\"agjn\"],\"smscode\":[\"123456\"]}','2021-01-23 20:02:05',2),
(21,'系统模块',1,'登陆成功！','adminjyd100',1,'172.29.0.1','622098','192.168.0.106','{\"sign\":[\"d46f57da0df8cedf9f4f8e34ce9d0a08\"],\"username\":[\"adminjyd100\"],\"password\":[\"R4zJuF7yy6RlKQHppEISMb4/F2xG4n1bCIV3Oc6XHUu6IAkIaPixyF8sDmime/uMJc5sAfOBl8wgSAnKpcyvhQ\\u003d\\u003d\"],\"valcode\":[\"b39y\"],\"smscode\":[\"123456\"]}','2021-01-23 20:18:40',2),
(22,'系统模块',1,'登陆成功！','adminjyd100',1,'172.29.0.1','471894','192.168.0.106','{\"sign\":[\"097d74de9751218f19270b4de8c4f9e4\"],\"username\":[\"adminjyd100\"],\"password\":[\"VN5pvwD4128QYp6xPdh0FUB6rLpQtXw0KowzAzH4fDjuMWMhcVVE3pAr+8swuEgN58ZFIRTdrKpEdHLnNkFCVA\\u003d\\u003d\"],\"valcode\":[\"rlhs\"],\"smscode\":[\"123456\"]}','2021-01-23 20:23:10',2),
(23,'系统模块',1,'登陆成功！','adminjyd100',1,'172.29.0.1','292087','192.168.0.106','{\"sign\":[\"812333734b0642ee88659c6348414411\"],\"username\":[\"adminjyd100\"],\"password\":[\"UHrINMnCHoJ0RvWk7TwZjSVSQRpJpFUHIy7pKKq4l3JkeJWcFa3CeMJNlZ7jP6jDNjqVsVzj6i/4ihVL3MlSvQ\\u003d\\u003d\"],\"valcode\":[\"vbwx\"],\"smscode\":[\"123456\"]}','2021-01-23 20:58:03',2),
(24,'系统模块',1,'登陆成功！','adminjyd100',1,'172.29.0.1','806180','192.168.0.106','{\"sign\":[\"61e394e6008fa6d9b3ea23cacdb87e7c\"],\"username\":[\"adminjyd100\"],\"password\":[\"Mn20Uf7VcxK5qnsLpOLQAvdx/AAe+0W7AfPSD005YtGrE/EtU17b7xUBDVPFSQBVX2He7jqtNovFxTM01EEsDw\\u003d\\u003d\"],\"valcode\":[\"8b3r\"],\"smscode\":[\"123456\"]}','2021-01-23 21:40:50',2),
(25,'系统模块',1,'登陆成功！','adminjyd100',1,'172.29.0.1','653105','192.168.0.106','{\"sign\":[\"0996588cef19a2ab38413d620cd87c76\"],\"username\":[\"adminjyd100\"],\"password\":[\"M/AaUmIG2cX5RZ+pvSxjZ7A8iWIxxbFp4pi6rsF1ktXJLCahkTgXxf0CXi1xM3d7qpkuHOSboSB980kMUw00jg\\u003d\\u003d\"],\"valcode\":[\"uq8n\"],\"smscode\":[\"123456\"]}','2021-01-25 21:29:42',2),
(26,'系统模块',1,'登陆成功！','adminjyd100',1,'172.24.48.1','178641','10.130.1.68','{\"sign\":[\"e5c8909d225415f03994b5a4e19121dc\"],\"username\":[\"adminjyd100\"],\"password\":[\"TE5W7jBCx3IlBhhiXC5b5qstbkCp0BOFuWvPLqzWudp1pFRwpG0qZmcbR/rwwbThUoWmGnLExWVzO7R2nnE85A\\u003d\\u003d\"],\"valcode\":[\"njhh\"],\"smscode\":[\"123456\"]}','2021-04-14 14:22:43',2),
(27,'系统模块',1,'登陆成功！','adminjyd100',1,'172.24.48.1','605115','10.130.1.68','{\"sign\":[\"da6917075360ba54672cbb80b550cf4a\"],\"username\":[\"adminjyd100\"],\"password\":[\"Q58PAIGelNLQvpA95PjXO6LkrgHU1O7I7aDCYnpFxdI3RNjSq76Afug/8KnAso4OuUoCxIFw607UrizNeCGUFw\\u003d\\u003d\"],\"valcode\":[\"dm3n\"],\"smscode\":[\"123456\"]}','2021-04-14 15:22:14',2),
(28,'系统模块',1,'登陆成功！','adminjyd100',1,'172.24.48.1','321764','10.130.1.68','{\"sign\":[\"46f18d8c12c8cac2eef5056d66b3cc4e\"],\"username\":[\"adminjyd100\"],\"password\":[\"alvyp/DpOpojJ3z6g2vrd+JKV0LB7rKInLKZfpunL06JrfOEdVOPOuWhuBdDyUO7GQOx/wa4v0yc8+vQS7/10w\\u003d\\u003d\"],\"valcode\":[\"yv3h\"],\"smscode\":[\"123456\"]}','2021-04-14 15:29:09',2),
(29,'系统模块',2,'修改功能菜单数据,code为10000','adminjyd100',1,'172.24.48.1','083172','10.130.1.68','{\"sysRightCode\":[\"10000\"],\"hiddenCode\":[\"10000\"],\"sysRightName\":[\"系统管理\"],\"sysRightUrl\":[\"\"],\"icon\":[\"1\"],\"orderCode\":[\"10000\"],\"enable\":[\"1\"],\"sno\":[\"10000\"]}','2021-04-14 15:50:36',2),
(30,'系统模块',1,'登陆成功！','adminjyd100',1,'172.24.48.1','806407','10.130.1.68','{\"sign\":[\"580b26b944bf2fd982568644d0f8123d\"],\"username\":[\"adminjyd100\"],\"password\":[\"hNOYlvDfhwwEChbncDJO7+DuVbEboY1035D0tJsiKfdHeODxiupKRlXY3ATKXHQMfVgWgX7cAbFN7/EPnBF+Aw\\u003d\\u003d\"],\"valcode\":[\"4vmd\"],\"smscode\":[\"123456\"]}','2021-04-14 15:52:29',2),
(31,'系统模块',1,'登陆成功！','adminjyd100',1,'172.24.48.1','964302','10.130.1.68','{\"sign\":[\"6691b0e64b47b5099799031f92cdd561\"],\"username\":[\"adminjyd100\"],\"password\":[\"KSW3t5hNirhE4nknh3jzSfAzcl8RzyVNkSlob5GDl1P37RoW2JSl8BY0qPpZg11NmQWWZsaVoDenhIR9thJFFA\\u003d\\u003d\"],\"valcode\":[\"evfu\"],\"smscode\":[\"123456\"]}','2021-04-14 16:07:17',2),
(32,'系统模块',1,'登陆成功！','adminjyd100',1,'172.24.48.1','171218','10.130.1.68','{\"sign\":[\"c5d9a53c4fde12595f104e6c9ae90a1a\"],\"username\":[\"adminjyd100\"],\"password\":[\"EkvTKJR6nkSoE9w9n+O+lppSOaDGQGoSbaM9+7HvELZqAfjYP/6he9lFang4eIXk7SQfIgxemakb7KpMqa5aPQ\\u003d\\u003d\"],\"valcode\":[\"x4fj\"],\"smscode\":[\"123456\"]}','2021-04-14 16:13:28',2),
(33,'系统模块',1,'登陆成功！','adminjyd100',1,'172.24.48.1','033483','10.130.1.68','{\"sign\":[\"a3941a717a3f702dd373d67a80b60980\"],\"username\":[\"adminjyd100\"],\"password\":[\"LcrpE0+KoDVrpmqp9a94d1YTmyDpJdXZpj7msJftTcWjUyMINKWgFSzkhycJc3ocefLuXgI75BS3DTscm16Z0g\\u003d\\u003d\"],\"valcode\":[\"yhku\"],\"smscode\":[\"123456\"]}','2021-04-14 18:18:03',2),
(34,'系统模块',1,'登陆成功！','adminjyd100',1,'172.24.48.1','380076','10.130.1.68','{\"sign\":[\"11a287d81a988bee6018c0703a77ff6c\"],\"username\":[\"adminjyd100\"],\"password\":[\"AuZRvCZVqxuoz9pbTfEC7qy66C890JFhFHedHhAoMzhbI2eDNsF105uSfRAOfHEF+b71pDqcOCos3yj9LnqsFw\\u003d\\u003d\"],\"valcode\":[\"asnw\"],\"smscode\":[\"123456\"]}','2021-04-14 18:21:11',2),
(35,'系统模块',1,'登陆成功！','adminjyd100',1,'172.24.48.1','743681','10.130.1.68','{\"sign\":[\"dfa630100844f682ac34be24de76a94a\"],\"username\":[\"adminjyd100\"],\"password\":[\"fGQjeafLAFZUfvAWekazqTIqS8Dl3snsY713nL6Byw1HEFwiuYdGrIyxX7tSXcfpqCr73bNAg9xut4kQUqzLAA\\u003d\\u003d\"],\"valcode\":[\"hu3n\"],\"smscode\":[\"123456\"]}','2021-04-14 18:24:59',2),
(36,'系统模块',1,'登陆成功！','adminjyd100',1,'172.24.48.1','523847','10.130.1.68','{\"sign\":[\"56a017e5c790f55306d7fbb148e14c76\"],\"username\":[\"adminjyd100\"],\"password\":[\"XCDDzjyL6IjWU8RmsLu91Uc/LLU7rx2lP0t1XNv5CTHIJwhMcxPajwJV1C23xOIZJE1199nSlqWqUtT57EdUOQ\\u003d\\u003d\"],\"valcode\":[\"ts6m\"],\"smscode\":[\"123456\"]}','2021-04-14 18:27:07',2),
(37,'系统模块',1,'登陆成功！','adminjyd100',1,'172.24.48.1','023072','10.130.1.68','{\"sign\":[\"1d2749dde46a1b0d6556a1b27f03cd33\"],\"username\":[\"adminjyd100\"],\"password\":[\"MJXFOerWtpD5MBM1edj6E0IhbHzQbAzuQanmudx5E/kdnjNngO5zF287VeW9aLU2/Xp/Oi9TR7lOkliWUZBoYA\\u003d\\u003d\"],\"valcode\":[\"65va\"],\"smscode\":[\"123456\"]}','2021-04-14 18:28:06',2),
(38,'系统模块',1,'登陆成功！','adminjyd100',1,'172.24.48.1','459572','192.168.0.100','{\"sign\":[\"ca7711d1b40b17bf0b8416e52ddce6d4\"],\"username\":[\"adminjyd100\"],\"password\":[\"HrVbiyyYcyYSYTa4Ye/7IvEsbbE9hlzLddjpyi52KPBbRjCw+gGqr+OWPXD+xBtcigqt2S1rZ8uiljfGCVHNhg\\u003d\\u003d\"],\"valcode\":[\"w3gc\"],\"smscode\":[\"123456\"]}','2021-04-16 22:18:52',2),
(39,'系统模块',1,'登陆成功！','adminjyd100',1,'172.24.48.1','168429','192.168.0.100','{\"sign\":[\"7fbabb4b6a4b5667bdc0f2febfa8629f\"],\"username\":[\"adminjyd100\"],\"password\":[\"dsIx5dcZsD8hi+RnBh6kpTkTRC0y/dh83C6k5qp/B6jfPOJSDXvXXhY/QVyg6zUSrAx1zHY3auyyDO8/ZHWnZA\\u003d\\u003d\"],\"valcode\":[\"pm4b\"],\"smscode\":[\"123456\"]}','2021-04-16 23:23:19',2),
(40,'系统模块',1,'登陆成功！','adminjyd100',1,'172.24.48.1','300332','192.168.0.100','{\"sign\":[\"8ad597e6fe398596a4faa2aadf41d31c\"],\"username\":[\"adminjyd100\"],\"password\":[\"Ywh4BlxetZfmncalX7umiRUmIcc8hJj/ZwbUq/TYo2ygEeqJEeZ0CZ8LJfc1MosPZi3HqQ3aPtSJX9lm/jesww\\u003d\\u003d\"],\"valcode\":[\"b5xm\"],\"smscode\":[\"123456\"]}','2021-04-17 09:50:37',2),
(41,'系统模块',1,'登陆成功！','adminjyd100',1,'172.24.48.1','121338','192.168.0.100','{\"sign\":[\"4729bfe917e1e8e1bf93338aa1bd85b1\"],\"username\":[\"adminjyd100\"],\"password\":[\"g0pOQQqaCRJne1uj6rqJU5LQBE9CDvo4LiNh1tRXweo56A6tv33udaHcF8n/qgKzi9sY7/5SUnKeu79wqmhNtg\\u003d\\u003d\"],\"valcode\":[\"ge8g\"],\"smscode\":[\"123456\"]}','2021-04-17 12:30:09',2);

/*Table structure for table `sys_user_role` */

DROP TABLE IF EXISTS `sys_user_role`;

CREATE TABLE `sys_user_role` (
  `sys_user_role_sno` int(11) NOT NULL AUTO_INCREMENT COMMENT '流水号',
  `sys_user_id` int(11) NOT NULL DEFAULT '0' COMMENT '用户ID',
  `sys_role_id` int(11) NOT NULL DEFAULT '0' COMMENT '用户角色',
  `update_time` datetime NOT NULL COMMENT '更新时间',
  `updator` varchar(30) NOT NULL DEFAULT ' ' COMMENT '更新人',
  PRIMARY KEY (`sys_user_role_sno`)
) ENGINE=InnoDB AUTO_INCREMENT=184 DEFAULT CHARSET=utf8 COMMENT='用户角色表';

/*Data for the table `sys_user_role` */

insert  into `sys_user_role`(`sys_user_role_sno`,`sys_user_id`,`sys_role_id`,`update_time`,`updator`) values 
(2,4,30,'2019-09-03 10:42:37','管理员'),
(5,11,0,'2019-09-23 17:28:43','管理员'),
(6,14,0,'2019-09-27 10:25:13','管理员'),
(7,20,0,'2019-09-27 10:49:36','管理员'),
(9,38,52,'2019-10-08 15:20:48',' '),
(10,41,50,'2019-10-08 15:36:53','管理员'),
(11,44,50,'2019-10-08 16:22:06','管理员'),
(12,45,50,'2019-10-08 17:55:27','管理员'),
(13,46,50,'2019-10-08 18:23:30','王赛男'),
(14,47,50,'2019-10-08 18:25:18','王赛男'),
(15,48,50,'2019-10-08 18:29:29','管理员'),
(16,49,50,'2019-10-08 18:30:04','管理员'),
(17,50,52,'2019-10-09 09:09:54','王赛男'),
(18,51,51,'2019-10-09 09:10:46','王赛男'),
(19,52,50,'2019-10-09 11:52:54','林少儿'),
(20,53,51,'2019-10-09 14:14:58','管理员'),
(21,54,50,'2019-10-09 14:41:43','管理员'),
(22,55,51,'2019-10-09 14:42:23','王赛男'),
(23,56,50,'2019-10-09 16:14:15','王理叁'),
(24,57,50,'2019-10-09 16:20:18','管理员'),
(25,58,52,'2019-10-09 16:35:37','管理员'),
(26,59,52,'2019-10-09 16:39:06','管理员'),
(27,60,51,'2019-10-09 16:39:35','管理员'),
(28,61,51,'2019-10-09 16:39:57','管理员'),
(29,62,50,'2019-10-09 16:40:24','管理员'),
(30,63,50,'2019-10-09 16:40:44','管理员'),
(31,64,52,'2019-10-09 16:45:39','王赛男'),
(32,65,51,'2019-10-09 16:46:12','王赛男'),
(33,66,50,'2019-10-09 16:46:42','王赛男'),
(34,67,0,'2019-10-09 19:49:04','管理员'),
(35,68,52,'2019-10-09 20:45:23','王赛男'),
(36,69,51,'2019-10-09 20:46:49','王赛男'),
(37,70,52,'2019-10-09 20:48:57','王赛男'),
(38,71,52,'2019-10-09 20:56:56','王赛男'),
(39,72,52,'2019-10-10 10:58:14','王赛男'),
(40,73,51,'2019-10-10 10:59:23','王赛男'),
(41,74,50,'2019-10-10 11:01:55','王赛男'),
(42,75,50,'2019-10-10 11:01:55','王赛男'),
(43,76,50,'2019-10-10 11:01:55','王赛男'),
(44,77,50,'2019-10-10 11:11:44','王赛男'),
(45,78,50,'2019-10-10 11:11:44','王赛男'),
(46,79,50,'2019-10-10 11:11:45','王赛男'),
(47,80,50,'2019-10-10 11:11:45','王赛男'),
(48,81,50,'2019-10-10 11:13:33','王赛男'),
(49,82,50,'2019-10-10 11:20:12','王赛男'),
(50,83,50,'2019-10-10 11:25:15','王赛男'),
(51,71,50,'2019-10-10 14:19:52','管理员'),
(52,71,50,'2019-10-10 14:25:35','管理员'),
(53,71,50,'2019-10-10 14:29:24','管理员'),
(54,71,50,'2019-10-10 14:32:20','管理员'),
(55,84,52,'2019-10-10 15:03:13','管理员'),
(56,85,51,'2019-10-10 15:04:05','管理员'),
(57,86,50,'2019-10-10 15:04:13','管理员'),
(58,87,50,'2019-10-10 15:04:13','管理员'),
(59,88,50,'2019-10-10 15:04:13','管理员'),
(60,89,52,'2019-10-10 15:40:57','王赛男'),
(61,72,52,'2019-10-10 15:41:50','王赛男'),
(62,72,52,'2019-10-10 15:59:28','王赛男'),
(65,90,52,'2019-10-11 20:58:45','管理员'),
(67,92,52,'2019-10-12 09:52:36','管理员'),
(68,93,52,'2019-10-12 10:14:42','管理员'),
(69,94,52,'2019-10-12 10:15:22','管理员'),
(71,96,51,'2019-10-12 10:16:53','管理员'),
(72,97,50,'2019-10-12 10:17:23','管理员'),
(73,98,50,'2019-10-12 10:17:52','管理员'),
(74,99,51,'2019-10-12 11:00:42','管理员'),
(75,100,50,'2019-10-12 11:02:00','管理员'),
(77,102,51,'2019-10-14 10:14:08','管理员'),
(78,103,52,'2019-10-14 10:24:24','王赛男'),
(79,104,51,'2019-10-14 10:25:31','王赛男'),
(80,105,50,'2019-10-14 10:26:11','王赛男'),
(81,106,50,'2019-10-14 10:26:11','王赛男'),
(82,107,50,'2019-10-14 10:26:11','王赛男'),
(83,108,50,'2019-10-14 10:59:57','管理员'),
(84,109,52,'2019-10-14 11:18:44','管理员'),
(85,110,51,'2019-10-14 11:19:26','管理员'),
(86,111,51,'2019-10-14 12:05:00','王赛男'),
(87,112,52,'2019-10-14 12:05:25','王赛男'),
(88,112,52,'2019-10-14 12:06:30','王赛男'),
(89,113,50,'2019-10-14 14:44:29','管理员'),
(90,114,510,'2019-10-31 18:22:00','管理员'),
(91,115,510,'2019-10-31 11:32:22','管理员'),
(92,116,510,'2019-10-31 11:28:50','管理员'),
(93,117,510,'2019-10-31 11:22:19','管理员'),
(94,118,50,'2019-10-14 14:51:24','管理员'),
(95,104,52,'2019-10-14 14:53:21','王赛男'),
(96,105,51,'2019-10-14 14:54:01','王赛男'),
(97,106,50,'2019-10-14 14:54:25','王赛男'),
(98,107,52,'2019-10-14 14:55:00','王赛男'),
(99,111,51,'2019-10-14 14:55:26','王赛男'),
(100,119,50,'2019-10-14 14:56:01','王赛男'),
(101,120,50,'2019-10-14 14:58:50','王赛男'),
(102,121,50,'2019-10-14 14:58:50','王赛男'),
(103,122,50,'2019-10-14 14:58:50','王赛男'),
(104,123,52,'2019-10-14 17:59:36','王赛男'),
(105,124,52,'2019-10-14 18:00:17','王赛男'),
(106,125,51,'2019-10-14 18:00:52','王赛男'),
(107,126,50,'2019-10-14 18:01:13','王赛男'),
(108,127,52,'2019-10-15 15:21:56','管理员'),
(109,128,51,'2019-10-15 15:22:20','管理员'),
(110,129,50,'2019-10-15 15:22:43','管理员'),
(111,130,10,'2019-10-16 11:17:53','管理员'),
(112,131,50,'2019-10-16 11:24:38','管理员'),
(113,131,50,'2019-10-16 11:26:34','管理员'),
(114,131,50,'2019-10-16 11:39:19','管理员'),
(115,131,50,'2019-10-16 11:41:02','管理员'),
(116,131,50,'2019-10-16 11:46:15','管理员'),
(119,133,0,'2019-10-19 10:04:53','管理员'),
(120,3,30,'2019-10-21 11:05:52','王赛男'),
(121,134,52,'2019-10-24 15:02:40','王赛男'),
(122,135,51,'2019-10-24 15:03:19','王赛男'),
(123,136,50,'2019-10-24 15:06:33','管理员'),
(124,137,52,'2019-10-24 15:27:12','王赛男'),
(125,138,52,'2019-10-24 15:30:30','王赛男'),
(126,139,51,'2019-10-24 15:31:59','王赛男'),
(127,140,50,'2019-10-24 15:32:18','王赛男'),
(128,141,30,'2019-10-24 18:00:45','管理员'),
(129,142,50,'2019-10-25 10:06:59','管理员'),
(130,143,50,'2019-10-25 10:06:59','管理员'),
(131,144,50,'2019-10-25 10:06:59','管理员'),
(132,145,50,'2019-10-25 10:06:59','管理员'),
(133,146,52,'2019-10-25 10:09:59','管理员'),
(134,147,51,'2019-10-25 10:10:22','管理员'),
(135,148,50,'2019-10-25 10:10:50','管理员'),
(136,149,50,'2019-10-25 10:15:51','管理员'),
(137,150,50,'2019-10-25 10:15:52','管理员'),
(138,151,50,'2019-10-25 10:15:52','管理员'),
(139,152,50,'2019-10-25 10:15:52','管理员'),
(140,153,50,'2019-10-29 14:41:05','王赛男'),
(144,101,0,'2019-10-31 11:18:11','管理员'),
(145,154,52,'2019-11-07 17:33:25','管理员'),
(146,155,52,'2019-11-11 15:01:34','管理员'),
(147,156,51,'2019-11-11 15:02:10','管理员'),
(148,157,50,'2019-11-11 15:02:40','管理员'),
(149,158,52,'2019-11-11 15:03:14','管理员'),
(150,159,52,'2019-11-11 15:07:16','管理员'),
(151,160,51,'2019-11-11 15:09:00','管理员'),
(152,161,50,'2019-11-11 15:09:24','管理员'),
(153,162,51,'2019-11-11 15:53:46','管理员'),
(154,163,510,'2019-11-11 18:06:35','管理员'),
(155,164,50,'2019-11-12 09:47:12','林少儿'),
(156,165,52,'2019-11-12 15:47:38','管理员'),
(157,166,51,'2019-11-12 15:48:01','管理员'),
(158,167,50,'2019-11-12 15:48:44','管理员'),
(159,168,52,'2019-11-14 09:50:29','管理员'),
(160,169,51,'2019-11-14 09:54:02','管理员'),
(161,170,50,'2019-11-14 10:07:21','管理员'),
(162,171,52,'2019-11-15 09:41:25','管理员'),
(163,172,51,'2019-11-15 09:42:02','管理员'),
(164,173,50,'2019-11-15 09:42:33','管理员'),
(165,174,52,'2019-11-15 15:31:20','管理员'),
(166,175,51,'2019-11-15 15:32:30','管理员'),
(167,176,50,'2019-11-15 15:32:54','管理员'),
(168,177,52,'2019-11-21 10:00:47','管理员'),
(169,178,51,'2019-11-21 10:01:22','管理员'),
(170,179,50,'2019-11-21 10:01:54','管理员'),
(171,180,52,'2019-11-21 17:39:32','管理员'),
(172,181,51,'2019-11-21 17:40:01','管理员'),
(173,182,50,'2019-11-21 17:40:40','管理员'),
(175,5,50,'2019-11-27 14:11:07','管理员'),
(179,95,51,'2019-11-27 14:15:22','管理员'),
(180,95,0,'2019-11-27 14:15:22','管理员'),
(183,183,52,'2021-04-14 18:27:23','管理员');

/*Table structure for table `sys_user_roletype` */

DROP TABLE IF EXISTS `sys_user_roletype`;

CREATE TABLE `sys_user_roletype` (
  `sys_user_roletype_sno` int(11) NOT NULL AUTO_INCREMENT COMMENT '流水号',
  `sys_user_id` int(11) NOT NULL DEFAULT '0' COMMENT '用户ID',
  `sys_roletype_code` int(11) NOT NULL DEFAULT '0' COMMENT '角色类型',
  `update_time` datetime NOT NULL COMMENT '更新时间',
  `updator` varchar(30) NOT NULL DEFAULT ' ' COMMENT '更新人',
  PRIMARY KEY (`sys_user_roletype_sno`),
  UNIQUE KEY `UI_SUR` (`sys_user_id`)
) ENGINE=InnoDB AUTO_INCREMENT=201 DEFAULT CHARSET=utf8 COMMENT='用户角色表';

/*Data for the table `sys_user_roletype` */

insert  into `sys_user_roletype`(`sys_user_roletype_sno`,`sys_user_id`,`sys_roletype_code`,`update_time`,`updator`) values 
(1,1,0,'2019-08-30 16:45:42',' '),
(3,4,300,'2019-09-03 10:42:37','管理员'),
(5,6,520,'2019-09-11 17:14:06','管理员'),
(6,7,520,'2019-09-17 14:40:05','管理员'),
(7,8,510,'2019-09-17 14:41:49','管理员'),
(8,9,510,'2019-09-20 16:39:32','管理员'),
(9,10,510,'2019-09-18 18:25:28','管理员'),
(11,11,0,'2019-09-23 17:28:43','管理员'),
(12,12,500,'2019-09-25 16:13:17','管理员'),
(13,13,520,'2019-09-25 19:03:17','王赛男'),
(15,15,500,'2019-09-26 10:04:58','管理员'),
(16,16,500,'2019-09-26 10:09:45','管理员'),
(17,17,500,'2019-09-26 10:11:40','管理员'),
(18,18,500,'2019-09-26 10:19:08','管理员'),
(19,19,500,'2019-09-26 15:54:18','管理员'),
(20,14,510,'2019-09-27 10:25:13','管理员'),
(21,20,0,'2019-09-27 10:49:36','管理员'),
(22,21,500,'2019-09-27 11:09:39','管理员'),
(23,22,520,'2019-09-27 18:00:09','林少儿'),
(24,23,520,'2019-09-29 10:39:15','王赛男'),
(25,24,520,'2019-09-29 10:49:43','王赛男'),
(26,25,520,'2019-09-29 11:34:44','管理员'),
(27,26,520,'2019-09-29 11:44:26','管理员'),
(28,27,520,'2019-09-29 11:46:48','管理员'),
(29,28,520,'2019-09-29 11:47:34','管理员'),
(30,29,510,'2019-09-29 11:48:07','管理员'),
(31,30,500,'2019-09-29 11:48:35','管理员'),
(32,31,500,'2019-09-29 11:49:08','管理员'),
(33,32,510,'2019-09-29 11:49:39','管理员'),
(34,33,510,'2019-09-29 15:27:50','管理员'),
(35,34,520,'2019-09-29 21:08:08','管理员'),
(36,35,520,'2019-09-30 09:54:05','管理员'),
(37,36,510,'2019-09-30 09:55:25','管理员'),
(38,37,500,'2019-09-30 09:57:26','管理员'),
(40,38,520,'2019-10-08 14:31:48','管理员'),
(41,39,500,'2019-10-08 15:22:50','管理员'),
(42,40,500,'2019-10-08 15:22:50','管理员'),
(43,41,500,'2019-10-08 15:36:53','管理员'),
(44,42,510,'2019-10-08 15:42:56','管理员'),
(45,43,500,'2019-10-08 15:43:45','管理员'),
(46,44,500,'2019-10-08 16:22:06','管理员'),
(47,45,500,'2019-10-08 17:55:27','管理员'),
(48,46,500,'2019-10-08 18:23:30','王赛男'),
(49,47,500,'2019-10-08 18:25:18','王赛男'),
(50,48,500,'2019-10-08 18:29:29','管理员'),
(51,49,500,'2019-10-08 18:30:04','管理员'),
(52,50,520,'2019-10-09 09:09:54','王赛男'),
(53,51,510,'2019-10-09 09:10:46','王赛男'),
(54,52,500,'2019-10-09 11:52:54','林少儿'),
(55,53,510,'2019-10-09 14:14:58','管理员'),
(56,54,500,'2019-10-09 14:41:43','管理员'),
(57,55,510,'2019-10-09 14:42:23','王赛男'),
(58,56,500,'2019-10-09 16:14:15','王理叁'),
(59,57,500,'2019-10-09 16:20:18','管理员'),
(60,58,520,'2019-10-09 16:35:37','管理员'),
(61,59,520,'2019-10-09 16:39:06','管理员'),
(62,60,510,'2019-10-09 16:39:35','管理员'),
(63,61,510,'2019-10-09 16:39:57','管理员'),
(64,62,500,'2019-10-09 16:40:24','管理员'),
(65,63,500,'2019-10-09 16:40:44','管理员'),
(66,64,520,'2019-10-09 16:45:39','王赛男'),
(67,65,510,'2019-10-09 16:46:12','王赛男'),
(68,66,500,'2019-10-09 16:46:42','王赛男'),
(69,67,0,'2019-10-09 19:49:04','管理员'),
(70,68,520,'2019-10-09 20:45:23','王赛男'),
(71,69,510,'2019-10-09 20:46:49','王赛男'),
(72,70,520,'2019-10-09 20:48:57','王赛男'),
(73,71,500,'2019-10-10 14:32:20','王赛男'),
(74,72,520,'2019-10-10 15:59:28','王赛男'),
(75,73,510,'2019-10-10 10:59:23','王赛男'),
(76,74,500,'2019-10-10 11:01:55','王赛男'),
(77,75,500,'2019-10-10 11:01:55','王赛男'),
(78,76,500,'2019-10-10 11:01:55','王赛男'),
(79,77,500,'2019-10-10 11:11:44','王赛男'),
(80,78,500,'2019-10-10 11:11:44','王赛男'),
(81,79,500,'2019-10-10 11:11:45','王赛男'),
(82,80,500,'2019-10-10 11:11:45','王赛男'),
(83,81,500,'2019-10-10 11:13:33','王赛男'),
(84,82,500,'2019-10-10 11:20:12','王赛男'),
(85,83,500,'2019-10-10 11:25:15','王赛男'),
(86,84,520,'2019-10-10 15:03:13','管理员'),
(87,85,510,'2019-10-10 15:04:05','管理员'),
(88,86,500,'2019-10-10 15:04:13','管理员'),
(89,87,500,'2019-10-10 15:04:13','管理员'),
(90,88,500,'2019-10-10 15:04:13','管理员'),
(91,89,520,'2019-10-10 15:40:57','王赛男'),
(93,90,520,'2019-10-11 20:58:45','管理员'),
(95,92,520,'2019-10-12 09:52:36','管理员'),
(96,93,520,'2019-10-12 10:14:42','管理员'),
(97,94,520,'2019-10-12 10:15:22','管理员'),
(99,96,510,'2019-10-12 10:16:53','管理员'),
(100,97,500,'2019-10-12 10:17:23','管理员'),
(101,98,500,'2019-10-12 10:17:52','管理员'),
(102,99,510,'2019-10-12 11:00:42','管理员'),
(103,100,500,'2019-10-12 11:01:59','管理员'),
(105,102,510,'2019-10-14 10:14:08','管理员'),
(106,103,520,'2019-10-14 10:24:24','王赛男'),
(107,104,520,'2019-10-14 14:53:21','王赛男'),
(108,105,510,'2019-10-14 14:54:01','王赛男'),
(109,106,500,'2019-10-14 14:54:25','王赛男'),
(110,107,520,'2019-10-14 14:55:00','王赛男'),
(111,108,500,'2019-10-14 10:59:57','管理员'),
(112,109,520,'2019-10-14 11:18:44','管理员'),
(113,110,510,'2019-10-14 11:19:26','管理员'),
(114,111,510,'2019-10-14 14:55:26','王赛男'),
(115,112,520,'2019-10-14 12:06:30','王赛男'),
(116,113,500,'2019-10-14 14:44:29','管理员'),
(117,114,510,'2019-10-31 18:22:00','管理员'),
(118,115,510,'2019-10-31 11:32:22','管理员'),
(119,116,510,'2019-10-31 11:28:49','管理员'),
(120,117,510,'2019-10-31 11:22:19','管理员'),
(121,118,500,'2019-10-14 14:51:24','管理员'),
(122,119,500,'2019-10-14 14:56:01','王赛男'),
(123,120,500,'2019-10-14 14:58:50','王赛男'),
(124,121,500,'2019-10-14 14:58:50','王赛男'),
(125,122,500,'2019-10-14 14:58:50','王赛男'),
(126,123,520,'2019-10-14 17:59:36','王赛男'),
(127,124,520,'2019-10-14 18:00:17','王赛男'),
(128,125,510,'2019-10-14 18:00:52','王赛男'),
(129,126,500,'2019-10-14 18:01:13','王赛男'),
(130,127,520,'2019-10-15 15:21:56','管理员'),
(131,128,510,'2019-10-15 15:22:20','管理员'),
(132,129,500,'2019-10-15 15:22:43','管理员'),
(133,130,110,'2019-10-16 11:17:53','管理员'),
(134,131,500,'2019-10-16 11:46:15','管理员'),
(137,133,0,'2019-10-19 10:04:53','管理员'),
(138,3,0,'2019-10-21 11:05:52','王赛男'),
(139,134,520,'2019-10-24 15:02:40','王赛男'),
(140,135,510,'2019-10-24 15:03:19','王赛男'),
(141,136,500,'2019-10-24 15:06:33','管理员'),
(142,137,520,'2019-10-24 15:27:12','王赛男'),
(143,138,520,'2019-10-24 15:30:30','王赛男'),
(144,139,510,'2019-10-24 15:31:59','王赛男'),
(145,140,500,'2019-10-24 15:32:18','王赛男'),
(146,141,0,'2019-10-24 18:00:45','管理员'),
(147,142,500,'2019-10-25 10:06:59','管理员'),
(148,143,500,'2019-10-25 10:06:59','管理员'),
(149,144,500,'2019-10-25 10:06:59','管理员'),
(150,145,500,'2019-10-25 10:06:59','管理员'),
(151,146,520,'2019-10-25 10:09:59','管理员'),
(152,147,510,'2019-10-25 10:10:22','管理员'),
(153,148,500,'2019-10-25 10:10:50','管理员'),
(154,149,500,'2019-10-25 10:15:51','管理员'),
(155,150,500,'2019-10-25 10:15:52','管理员'),
(156,151,500,'2019-10-25 10:15:52','管理员'),
(157,152,500,'2019-10-25 10:15:52','管理员'),
(158,153,500,'2019-10-29 14:41:05','王赛男'),
(162,101,0,'2019-10-31 11:18:11','管理员'),
(163,154,520,'2019-11-07 17:33:25','管理员'),
(164,155,520,'2019-11-11 15:01:34','管理员'),
(165,156,510,'2019-11-11 15:02:10','管理员'),
(166,157,500,'2019-11-11 15:02:40','管理员'),
(167,158,520,'2019-11-11 15:03:14','管理员'),
(168,159,520,'2019-11-11 15:07:16','管理员'),
(169,160,510,'2019-11-11 15:09:00','管理员'),
(170,161,500,'2019-11-11 15:09:24','管理员'),
(171,162,510,'2019-11-11 15:53:46','管理员'),
(172,163,510,'2019-11-11 18:06:35','管理员'),
(173,164,500,'2019-11-12 09:47:12','林少儿'),
(174,165,520,'2019-11-12 15:47:38','管理员'),
(175,166,510,'2019-11-12 15:48:01','管理员'),
(176,167,500,'2019-11-12 15:48:44','管理员'),
(177,168,520,'2019-11-14 09:50:29','管理员'),
(178,169,510,'2019-11-14 09:54:02','管理员'),
(179,170,500,'2019-11-14 10:07:21','管理员'),
(180,171,520,'2019-11-15 09:41:25','管理员'),
(181,172,510,'2019-11-15 09:42:02','管理员'),
(182,173,500,'2019-11-15 09:42:33','管理员'),
(183,174,520,'2019-11-15 15:31:20','管理员'),
(184,175,510,'2019-11-15 15:32:30','管理员'),
(185,176,500,'2019-11-15 15:32:54','管理员'),
(186,177,520,'2019-11-21 10:00:47','管理员'),
(187,178,510,'2019-11-21 10:01:22','管理员'),
(188,179,500,'2019-11-21 10:01:54','管理员'),
(189,180,520,'2019-11-21 17:39:32','管理员'),
(190,181,510,'2019-11-21 17:40:01','管理员'),
(191,182,500,'2019-11-21 17:40:40','管理员'),
(193,5,500,'2019-11-27 14:11:07','管理员'),
(197,95,510,'2019-11-27 14:15:22','管理员'),
(200,183,520,'2021-04-14 18:27:23','管理员');

/*Table structure for table `sys_users_lock` */

DROP TABLE IF EXISTS `sys_users_lock`;

CREATE TABLE `sys_users_lock` (
  `sys_user_id` int(11) NOT NULL DEFAULT '0' COMMENT '后台用户id',
  `pass_cnt` int(11) DEFAULT '5' COMMENT '密码输入错误的次数',
  `last_time` datetime DEFAULT NULL COMMENT '最后一次输入错误时间',
  `first_time` datetime DEFAULT NULL COMMENT '密码输入错误的第一次时间',
  PRIMARY KEY (`sys_user_id`)
) ENGINE=InnoDB DEFAULT CHARSET=utf8 COMMENT='后台用户错误次数限制表格';

/*Data for the table `sys_users_lock` */

insert  into `sys_users_lock`(`sys_user_id`,`pass_cnt`,`last_time`,`first_time`) values 
(1,5,'2021-04-14 18:16:38','2021-04-14 18:16:38');

/*Table structure for table `sys_users_session` */

DROP TABLE IF EXISTS `sys_users_session`;

CREATE TABLE `sys_users_session` (
  `sys_user_id` int(11) NOT NULL COMMENT '后台登陆用户id',
  `session_id` varchar(60) DEFAULT '' COMMENT 'session后台',
  `status` int(11) DEFAULT '0' COMMENT '状态：1.成功 2.失败',
  `login_ip` varchar(20) DEFAULT '' COMMENT '登陆ip',
  `login_time` datetime DEFAULT NULL COMMENT '登陆时间',
  PRIMARY KEY (`sys_user_id`)
) ENGINE=InnoDB DEFAULT CHARSET=utf8 COMMENT='后台session单点登陆表格';

/*Data for the table `sys_users_session` */

insert  into `sys_users_session`(`sys_user_id`,`session_id`,`status`,`login_ip`,`login_time`) values 
(1,'D85BF71B2C590595159D7FEA4D354733',1,'172.24.48.1','2021-04-17 12:30:09');

/*!40101 SET SQL_MODE=@OLD_SQL_MODE */;
/*!40014 SET FOREIGN_KEY_CHECKS=@OLD_FOREIGN_KEY_CHECKS */;
/*!40014 SET UNIQUE_CHECKS=@OLD_UNIQUE_CHECKS */;
/*!40111 SET SQL_NOTES=@OLD_SQL_NOTES */;
